page_number,page_width,page_height,rotation,page_box_signature,is_page_box_or_rotation_outlier,is_sampled,sample_reasons,token_count,x_center_min,x_center_max,y_center_min,y_center_max,extraction_error
1,792.0,612.0,0,792.00x612.00/rot=0,False,False,,,,,,,
2,792.0,612.0,0,792.00x612.00/rot=0,False,True,first_data_pages_2_10,1087,32.4948,731.04514,89.88007999999996,584.6099999999999,
3,792.0,612.0,0,792.00x612.00/rot=0,False,True,first_data_pages_2_10,1314,41.054610000000004,731.04514,88.87651999999997,584.6099999999999,
4,792.0,612.0,0,792.00x612.00/rot=0,False,True,first_data_pages_2_10,1314,41.054610000000004,731.04514,88.87651999999997,584.6099999999999,
5,792.0,612.0,0,792.00x612.00/rot=0,False,True,first_data_pages_2_10,1314,41.054610000000004,731.04514,88.87651999999997,584.6099999999999,
6,792.0,612.0,0,792.00x612.00/rot=0,False,True,first_data_pages_2_10,1314,41.054610000000004,731.04514,88.87651999999997,584.6099999999999,
7,792.0,612.0,0,792.00x612.00/rot=0,False,True,first_data_pages_2_10,1314,41.054610000000004,731.04514,88.87651999999997,584.6099999999999,
8,792.0,612.0,0,792.00x612.00/rot=0,False,True,first_data_pages_2_10,1314,41.054610000000004,731.04514,88.87651999999997,584.6099999999999,
9,792.0,612.0,0,792.00x612.00/rot=0,False,True,first_data_pages_2_10,1314,41.054610000000004,738.05242,88.87651999999997,584.6099999999999,
10,792.0,612.0,0,792.00x612.00/rot=0,False,True,first_data_pages_2_10,1314,41.054610000000004,738.05242,88.87651999999997,584.6099999999999,
11,792.0,612.0,0,792.00x612.00/rot=0,False,False,,,,,,,
12,792.0,612.0,0,792.00x612.00/rot=0,False,False,,,,,,,
13,792.0,612.0,0,792.00x612.00/rot=0,False,False,,,,,,,
14,792.0,612.0,0,792.00x612.00/rot=0,False,False,,,,,,,
15,792.0,612.0,0,792.00x612.00/rot=0,False,False,,,,,,,
16,792.0,612.0,0,792.00x612.00/rot=0,False,False,,,,,,,
17,792.0,612.0,0,792.00x612.00/rot=0,False,False,,,,,,,
18,792.0,612.0,0,792.00x612.00/rot=0,False,False,,,,,,,
19,792.0,612.0,0,792.00x612.00/rot=0,False,False,,,,,,,
20,792.0,612.0,0,792.00x612.00/rot=0,False,False,,,,,,,
21,792.0,612.0,0,792.00x612.00/rot=0,False,False,,,,,,,
22,792.0,612.0,0,792.00x612.00/rot=0,False,False,,,,,,,
23,792.0,612.0,0,792.00x612.00/rot=0,False,False,,,,,,,
24,792.0,612.0,0,792.00x612.00/rot=0,False,False,,,,,,,
25,792.0,612.0,0,792.00x612.00/rot=0,False,False,,,,,,,
26,792.0,612.0,0,792.00x612.00/rot=0,False,False,,,,,,,
27,792.0,612.0,0,792.00x612.00/rot=0,False,False,,,,,,,
28,792.0,612.0,0,792.00x612.00/rot=0,False,False,,,,,,,
29,792.0,612.0,0,792.00x612.00/rot=0,False,False,,,,,,,
30,792.0,612.0,0,792.00x612.00/rot=0,False,False,,,,,,,
31,792.0,612.0,0,792.00x612.00/rot=0,False,False,,,,,,,
32,792.0,612.0,0,792.00x612.00/rot=0,False,False,,,,,,,
33,792.0,612.0,0,792.00x612.00/rot=0,False,False,,,,,,,
34,792.0,612.0,0,792.00x612.00/rot=0,False,False,,,,,,,
35,792.0,612.0,0,792.00x612.00/rot=0,False,False,,,,,,,
36,792.0,612.0,0,792.00x612.00/rot=0,False,False,,,,,,,
37,792.0,612.0,0,792.00x612.00/rot=0,False,False,,,,,,,
38,792.0,612.0,0,792.00x612.00/rot=0,False,False,,,,,,,
39,792.0,612.0,0,792.00x612.00/rot=0,False,False,,,,,,,
40,792.0,612.0,0,792.00x612.00/rot=0,False,False,,,,,,,
41,792.0,612.0,0,792.00x612.00/rot=0,False,False,,,,,,,
42,792.0,612.0,0,792.00x612.00/rot=0,False,False,,,,,,,
43,792.0,612.0,0,792.00x612.00/rot=0,False,False,,,,,,,
44,792.0,612.0,0,792.00x612.00/rot=0,False,False,,,,,,,
45,792.0,612.0,0,792.00x612.00/rot=0,False,False,,,,,,,
46,792.0,612.0,0,792.00x612.00/rot=0,False,False,,,,,,,
47,792.0,612.0,0,792.00x612.00/rot=0,False,False,,,,,,,
48,792.0,612.0,0,792.00x612.00/rot=0,False,False,,,,,,,
49,792.0,612.0,0,792.00x612.00/rot=0,False,False,,,,,,,
50,792.0,612.0,0,792.00x612.00/rot=0,False,False,,,,,,,
51,792.0,612.0,0,792.00x612.00/rot=0,False,False,,,,,,,
52,792.0,612.0,0,792.00x612.00/rot=0,False,False,,,,,,,
53,792.0,612.0,0,792.00x612.00/rot=0,False,False,,,,,,,
54,792.0,612.0,0,792.00x612.00/rot=0,False,False,,,,,,,
55,792.0,612.0,0,792.00x612.00/rot=0,False,False,,,,,,,
56,792.0,612.0,0,792.00x612.00/rot=0,False,False,,,,,,,
57,792.0,612.0,0,792.00x612.00/rot=0,False,False,,,,,,,
58,792.0,612.0,0,792.00x612.00/rot=0,False,False,,,,,,,
59,792.0,612.0,0,792.00x612.00/rot=0,False,False,,,,,,,
60,792.0,612.0,0,792.00x612.00/rot=0,False,False,,,,,,,
61,792.0,612.0,0,792.00x612.00/rot=0,False,False,,,,,,,
62,792.0,612.0,0,792.00x612.00/rot=0,False,False,,,,,,,
63,792.0,612.0,0,792.00x612.00/rot=0,False,False,,,,,,,
64,792.0,612.0,0,792.00x612.00/rot=0,False,False,,,,,,,
65,792.0,612.0,0,792.00x612.00/rot=0,False,False,,,,,,,
66,792.0,612.0,0,792.00x612.00/rot=0,False,False,,,,,,,
67,792.0,612.0,0,792.00x612.00/rot=0,False,False,,,,,,,
68,792.0,612.0,0,792.00x612.00/rot=0,False,False,,,,,,,
69,792.0,612.0,0,792.00x612.00/rot=0,False,False,,,,,,,
70,792.0,612.0,0,792.00x612.00/rot=0,False,False,,,,,,,
71,792.0,612.0,0,792.00x612.00/rot=0,False,False,,,,,,,
72,792.0,612.0,0,792.00x612.00/rot=0,False,False,,,,,,,
73,792.0,612.0,0,792.00x612.00/rot=0,False,False,,,,,,,
74,792.0,612.0,0,792.00x612.00/rot=0,False,False,,,,,,,
75,792.0,612.0,0,792.00x612.00/rot=0,False,False,,,,,,,
76,792.0,612.0,0,792.00x612.00/rot=0,False,False,,,,,,,
77,792.0,612.0,0,792.00x612.00/rot=0,False,False,,,,,,,
78,792.0,612.0,0,792.00x612.00/rot=0,False,False,,,,,,,
79,792.0,612.0,0,792.00x612.00/rot=0,False,False,,,,,,,
80,792.0,612.0,0,792.00x612.00/rot=0,False,False,,,,,,,
81,792.0,612.0,0,792.00x612.00/rot=0,False,False,,,,,,,
82,792.0,612.0,0,792.00x612.00/rot=0,False,False,,,,,,,
83,792.0,612.0,0,792.00x612.00/rot=0,False,False,,,,,,,
84,792.0,612.0,0,792.00x612.00/rot=0,False,False,,,,,,,
85,792.0,612.0,0,792.00x612.00/rot=0,False,False,,,,,,,
86,792.0,612.0,0,792.00x612.00/rot=0,False,False,,,,,,,
87,792.0,612.0,0,792.00x612.00/rot=0,False,False,,,,,,,
88,792.0,612.0,0,792.00x612.00/rot=0,False,False,,,,,,,
89,792.0,612.0,0,792.00x612.00/rot=0,False,False,,,,,,,
90,792.0,612.0,0,792.00x612.00/rot=0,False,False,,,,,,,
91,792.0,612.0,0,792.00x612.00/rot=0,False,False,,,,,,,
92,792.0,612.0,0,792.00x612.00/rot=0,False,False,,,,,,,
93,792.0,612.0,0,792.00x612.00/rot=0,False,False,,,,,,,
94,792.0,612.0,0,792.00x612.00/rot=0,False,False,,,,,,,
95,792.0,612.0,0,792.00x612.00/rot=0,False,False,,,,,,,
96,792.0,612.0,0,792.00x612.00/rot=0,False,False,,,,,,,
97,792.0,612.0,0,792.00x612.00/rot=0,False,False,,,,,,,
98,792.0,612.0,0,792.00x612.00/rot=0,False,False,,,,,,,
99,792.0,612.0,0,792.00x612.00/rot=0,False,False,,,,,,,
100,792.0,612.0,0,792.00x612.00/rot=0,False,False,,,,,,,
101,792.0,612.0,0,792.00x612.00/rot=0,False,False,,,,,,,
102,792.0,612.0,0,792.00x612.00/rot=0,False,False,,,,,,,
103,792.0,612.0,0,792.00x612.00/rot=0,False,False,,,,,,,
104,792.0,612.0,0,792.00x612.00/rot=0,False,False,,,,,,,
105,792.0,612.0,0,792.00x612.00/rot=0,False,False,,,,,,,
106,792.0,612.0,0,792.00x612.00/rot=0,False,False,,,,,,,
107,792.0,612.0,0,792.00x612.00/rot=0,False,False,,,,,,,
108,792.0,612.0,0,792.00x612.00/rot=0,False,False,,,,,,,
109,792.0,612.0,0,792.00x612.00/rot=0,False,False,,,,,,,
110,792.0,612.0,0,792.00x612.00/rot=0,False,False,,,,,,,
111,792.0,612.0,0,792.00x612.00/rot=0,False,False,,,,,,,
112,792.0,612.0,0,792.00x612.00/rot=0,False,False,,,,,,,
113,792.0,612.0,0,792.00x612.00/rot=0,False,False,,,,,,,
114,792.0,612.0,0,792.00x612.00/rot=0,False,False,,,,,,,
115,792.0,612.0,0,792.00x612.00/rot=0,False,False,,,,,,,
116,792.0,612.0,0,792.00x612.00/rot=0,False,False,,,,,,,
117,792.0,612.0,0,792.00x612.00/rot=0,False,False,,,,,,,
118,792.0,612.0,0,792.00x612.00/rot=0,False,False,,,,,,,
119,792.0,612.0,0,792.00x612.00/rot=0,False,False,,,,,,,
120,792.0,612.0,0,792.00x612.00/rot=0,False,False,,,,,,,
121,792.0,612.0,0,792.00x612.00/rot=0,False,False,,,,,,,
122,792.0,612.0,0,792.00x612.00/rot=0,False,False,,,,,,,
123,792.0,612.0,0,792.00x612.00/rot=0,False,False,,,,,,,
124,792.0,612.0,0,792.00x612.00/rot=0,False,False,,,,,,,
125,792.0,612.0,0,792.00x612.00/rot=0,False,False,,,,,,,
126,792.0,612.0,0,792.00x612.00/rot=0,False,False,,,,,,,
127,792.0,612.0,0,792.00x612.00/rot=0,False,False,,,,,,,
128,792.0,612.0,0,792.00x612.00/rot=0,False,False,,,,,,,
129,792.0,612.0,0,792.00x612.00/rot=0,False,False,,,,,,,
130,792.0,612.0,0,792.00x612.00/rot=0,False,False,,,,,,,
131,792.0,612.0,0,792.00x612.00/rot=0,False,False,,,,,,,
132,792.0,612.0,0,792.00x612.00/rot=0,False,False,,,,,,,
133,792.0,612.0,0,792.00x612.00/rot=0,False,False,,,,,,,
134,792.0,612.0,0,792.00x612.00/rot=0,False,False,,,,,,,
135,792.0,612.0,0,792.00x612.00/rot=0,False,False,,,,,,,
136,792.0,612.0,0,792.00x612.00/rot=0,False,False,,,,,,,
137,792.0,612.0,0,792.00x612.00/rot=0,False,False,,,,,,,
138,792.0,612.0,0,792.00x612.00/rot=0,False,False,,,,,,,
139,792.0,612.0,0,792.00x612.00/rot=0,False,False,,,,,,,
140,792.0,612.0,0,792.00x612.00/rot=0,False,False,,,,,,,
141,792.0,612.0,0,792.00x612.00/rot=0,False,False,,,,,,,
142,792.0,612.0,0,792.00x612.00/rot=0,False,False,,,,,,,
143,792.0,612.0,0,792.00x612.00/rot=0,False,False,,,,,,,
144,792.0,612.0,0,792.00x612.00/rot=0,False,False,,,,,,,
145,792.0,612.0,0,792.00x612.00/rot=0,False,False,,,,,,,
146,792.0,612.0,0,792.00x612.00/rot=0,False,False,,,,,,,
147,792.0,612.0,0,792.00x612.00/rot=0,False,False,,,,,,,
148,792.0,612.0,0,792.00x612.00/rot=0,False,False,,,,,,,
149,792.0,612.0,0,792.00x612.00/rot=0,False,False,,,,,,,
150,792.0,612.0,0,792.00x612.00/rot=0,False,False,,,,,,,
151,792.0,612.0,0,792.00x612.00/rot=0,False,False,,,,,,,
152,792.0,612.0,0,792.00x612.00/rot=0,False,False,,,,,,,
153,792.0,612.0,0,792.00x612.00/rot=0,False,False,,,,,,,
154,792.0,612.0,0,792.00x612.00/rot=0,False,False,,,,,,,
155,792.0,612.0,0,792.00x612.00/rot=0,False,False,,,,,,,
156,792.0,612.0,0,792.00x612.00/rot=0,False,False,,,,,,,
157,792.0,612.0,0,792.00x612.00/rot=0,False,False,,,,,,,
158,792.0,612.0,0,792.00x612.00/rot=0,False,False,,,,,,,
159,792.0,612.0,0,792.00x612.00/rot=0,False,False,,,,,,,
160,792.0,612.0,0,792.00x612.00/rot=0,False,False,,,,,,,
161,792.0,612.0,0,792.00x612.00/rot=0,False,False,,,,,,,
162,792.0,612.0,0,792.00x612.00/rot=0,False,False,,,,,,,
163,792.0,612.0,0,792.00x612.00/rot=0,False,False,,,,,,,
164,792.0,612.0,0,792.00x612.00/rot=0,False,False,,,,,,,
165,792.0,612.0,0,792.00x612.00/rot=0,False,False,,,,,,,
166,792.0,612.0,0,792.00x612.00/rot=0,False,False,,,,,,,
167,792.0,612.0,0,792.00x612.00/rot=0,False,False,,,,,,,
168,792.0,612.0,0,792.00x612.00/rot=0,False,False,,,,,,,
169,792.0,612.0,0,792.00x612.00/rot=0,False,False,,,,,,,
170,792.0,612.0,0,792.00x612.00/rot=0,False,False,,,,,,,
171,792.0,612.0,0,792.00x612.00/rot=0,False,False,,,,,,,
172,792.0,612.0,0,792.00x612.00/rot=0,False,False,,,,,,,
173,792.0,612.0,0,792.00x612.00/rot=0,False,False,,,,,,,
174,792.0,612.0,0,792.00x612.00/rot=0,False,False,,,,,,,
175,792.0,612.0,0,792.00x612.00/rot=0,False,False,,,,,,,
176,792.0,612.0,0,792.00x612.00/rot=0,False,False,,,,,,,
177,792.0,612.0,0,792.00x612.00/rot=0,False,False,,,,,,,
178,792.0,612.0,0,792.00x612.00/rot=0,False,False,,,,,,,
179,792.0,612.0,0,792.00x612.00/rot=0,False,False,,,,,,,
180,792.0,612.0,0,792.00x612.00/rot=0,False,False,,,,,,,
181,792.0,612.0,0,792.00x612.00/rot=0,False,False,,,,,,,
182,792.0,612.0,0,792.00x612.00/rot=0,False,False,,,,,,,
183,792.0,612.0,0,792.00x612.00/rot=0,False,False,,,,,,,
184,792.0,612.0,0,792.00x612.00/rot=0,False,False,,,,,,,
185,792.0,612.0,0,792.00x612.00/rot=0,False,False,,,,,,,
186,792.0,612.0,0,792.00x612.00/rot=0,False,False,,,,,,,
187,792.0,612.0,0,792.00x612.00/rot=0,False,False,,,,,,,
188,792.0,612.0,0,792.00x612.00/rot=0,False,False,,,,,,,
189,792.0,612.0,0,792.00x612.00/rot=0,False,False,,,,,,,
190,792.0,612.0,0,792.00x612.00/rot=0,False,False,,,,,,,
191,792.0,612.0,0,792.00x612.00/rot=0,False,False,,,,,,,
192,792.0,612.0,0,792.00x612.00/rot=0,False,False,,,,,,,
193,792.0,612.0,0,792.00x612.00/rot=0,False,False,,,,,,,
194,792.0,612.0,0,792.00x612.00/rot=0,False,False,,,,,,,
195,792.0,612.0,0,792.00x612.00/rot=0,False,False,,,,,,,
196,792.0,612.0,0,792.00x612.00/rot=0,False,False,,,,,,,
197,792.0,612.0,0,792.00x612.00/rot=0,False,False,,,,,,,
198,792.0,612.0,0,792.00x612.00/rot=0,False,False,,,,,,,
199,792.0,612.0,0,792.00x612.00/rot=0,False,False,,,,,,,
200,792.0,612.0,0,792.00x612.00/rot=0,False,False,,,,,,,
201,792.0,612.0,0,792.00x612.00/rot=0,False,False,,,,,,,
202,792.0,612.0,0,792.00x612.00/rot=0,False,False,,,,,,,
203,792.0,612.0,0,792.00x612.00/rot=0,False,False,,,,,,,
204,792.0,612.0,0,792.00x612.00/rot=0,False,False,,,,,,,
205,792.0,612.0,0,792.00x612.00/rot=0,False,False,,,,,,,
206,792.0,612.0,0,792.00x612.00/rot=0,False,False,,,,,,,
207,792.0,612.0,0,792.00x612.00/rot=0,False,False,,,,,,,
208,792.0,612.0,0,792.00x612.00/rot=0,False,False,,,,,,,
209,792.0,612.0,0,792.00x612.00/rot=0,False,False,,,,,,,
210,792.0,612.0,0,792.00x612.00/rot=0,False,False,,,,,,,
211,792.0,612.0,0,792.00x612.00/rot=0,False,False,,,,,,,
212,792.0,612.0,0,792.00x612.00/rot=0,False,False,,,,,,,
213,792.0,612.0,0,792.00x612.00/rot=0,False,False,,,,,,,
214,792.0,612.0,0,792.00x612.00/rot=0,False,False,,,,,,,
215,792.0,612.0,0,792.00x612.00/rot=0,False,False,,,,,,,
216,792.0,612.0,0,792.00x612.00/rot=0,False,False,,,,,,,
217,792.0,612.0,0,792.00x612.00/rot=0,False,False,,,,,,,
218,792.0,612.0,0,792.00x612.00/rot=0,False,False,,,,,,,
219,792.0,612.0,0,792.00x612.00/rot=0,False,False,,,,,,,
220,792.0,612.0,0,792.00x612.00/rot=0,False,False,,,,,,,
221,792.0,612.0,0,792.00x612.00/rot=0,False,False,,,,,,,
222,792.0,612.0,0,792.00x612.00/rot=0,False,False,,,,,,,
223,792.0,612.0,0,792.00x612.00/rot=0,False,False,,,,,,,
224,792.0,612.0,0,792.00x612.00/rot=0,False,False,,,,,,,
225,792.0,612.0,0,792.00x612.00/rot=0,False,False,,,,,,,
226,792.0,612.0,0,792.00x612.00/rot=0,False,False,,,,,,,
227,792.0,612.0,0,792.00x612.00/rot=0,False,False,,,,,,,
228,792.0,612.0,0,792.00x612.00/rot=0,False,False,,,,,,,
229,792.0,612.0,0,792.00x612.00/rot=0,False,False,,,,,,,
230,792.0,612.0,0,792.00x612.00/rot=0,False,False,,,,,,,
231,792.0,612.0,0,792.00x612.00/rot=0,False,False,,,,,,,
232,792.0,612.0,0,792.00x612.00/rot=0,False,False,,,,,,,
233,792.0,612.0,0,792.00x612.00/rot=0,False,False,,,,,,,
234,792.0,612.0,0,792.00x612.00/rot=0,False,False,,,,,,,
235,792.0,612.0,0,792.00x612.00/rot=0,False,False,,,,,,,
236,792.0,612.0,0,792.00x612.00/rot=0,False,False,,,,,,,
237,792.0,612.0,0,792.00x612.00/rot=0,False,False,,,,,,,
238,792.0,612.0,0,792.00x612.00/rot=0,False,False,,,,,,,
239,792.0,612.0,0,792.00x612.00/rot=0,False,False,,,,,,,
240,792.0,612.0,0,792.00x612.00/rot=0,False,False,,,,,,,
241,792.0,612.0,0,792.00x612.00/rot=0,False,False,,,,,,,
242,792.0,612.0,0,792.00x612.00/rot=0,False,False,,,,,,,
243,792.0,612.0,0,792.00x612.00/rot=0,False,False,,,,,,,
244,792.0,612.0,0,792.00x612.00/rot=0,False,False,,,,,,,
245,792.0,612.0,0,792.00x612.00/rot=0,False,False,,,,,,,
246,792.0,612.0,0,792.00x612.00/rot=0,False,False,,,,,,,
247,792.0,612.0,0,792.00x612.00/rot=0,False,False,,,,,,,
248,792.0,612.0,0,792.00x612.00/rot=0,False,False,,,,,,,
249,792.0,612.0,0,792.00x612.00/rot=0,False,False,,,,,,,
250,792.0,612.0,0,792.00x612.00/rot=0,False,False,,,,,,,
251,792.0,612.0,0,792.00x612.00/rot=0,False,False,,,,,,,
252,792.0,612.0,0,792.00x612.00/rot=0,False,False,,,,,,,
253,792.0,612.0,0,792.00x612.00/rot=0,False,False,,,,,,,
254,792.0,612.0,0,792.00x612.00/rot=0,False,False,,,,,,,
255,792.0,612.0,0,792.00x612.00/rot=0,False,False,,,,,,,
256,792.0,612.0,0,792.00x612.00/rot=0,False,False,,,,,,,
257,792.0,612.0,0,792.00x612.00/rot=0,False,False,,,,,,,
258,792.0,612.0,0,792.00x612.00/rot=0,False,False,,,,,,,
259,792.0,612.0,0,792.00x612.00/rot=0,False,False,,,,,,,
260,792.0,612.0,0,792.00x612.00/rot=0,False,False,,,,,,,
261,792.0,612.0,0,792.00x612.00/rot=0,False,False,,,,,,,
262,792.0,612.0,0,792.00x612.00/rot=0,False,False,,,,,,,
263,792.0,612.0,0,792.00x612.00/rot=0,False,False,,,,,,,
264,792.0,612.0,0,792.00x612.00/rot=0,False,False,,,,,,,
265,792.0,612.0,0,792.00x612.00/rot=0,False,False,,,,,,,
266,792.0,612.0,0,792.00x612.00/rot=0,False,False,,,,,,,
267,792.0,612.0,0,792.00x612.00/rot=0,False,False,,,,,,,
268,792.0,612.0,0,792.00x612.00/rot=0,False,False,,,,,,,
269,792.0,612.0,0,792.00x612.00/rot=0,False,False,,,,,,,
270,792.0,612.0,0,792.00x612.00/rot=0,False,False,,,,,,,
271,792.0,612.0,0,792.00x612.00/rot=0,False,False,,,,,,,
272,792.0,612.0,0,792.00x612.00/rot=0,False,False,,,,,,,
273,792.0,612.0,0,792.00x612.00/rot=0,False,False,,,,,,,
274,792.0,612.0,0,792.00x612.00/rot=0,False,False,,,,,,,
275,792.0,612.0,0,792.00x612.00/rot=0,False,False,,,,,,,
276,792.0,612.0,0,792.00x612.00/rot=0,False,False,,,,,,,
277,792.0,612.0,0,792.00x612.00/rot=0,False,False,,,,,,,
278,792.0,612.0,0,792.00x612.00/rot=0,False,False,,,,,,,
279,792.0,612.0,0,792.00x612.00/rot=0,False,False,,,,,,,
280,792.0,612.0,0,792.00x612.00/rot=0,False,False,,,,,,,
281,792.0,612.0,0,792.00x612.00/rot=0,False,False,,,,,,,
282,792.0,612.0,0,792.00x612.00/rot=0,False,False,,,,,,,
283,792.0,612.0,0,792.00x612.00/rot=0,False,False,,,,,,,
284,792.0,612.0,0,792.00x612.00/rot=0,False,False,,,,,,,
285,792.0,612.0,0,792.00x612.00/rot=0,False,False,,,,,,,
286,792.0,612.0,0,792.00x612.00/rot=0,False,False,,,,,,,
287,792.0,612.0,0,792.00x612.00/rot=0,False,False,,,,,,,
288,792.0,612.0,0,792.00x612.00/rot=0,False,False,,,,,,,
289,792.0,612.0,0,792.00x612.00/rot=0,False,False,,,,,,,
290,792.0,612.0,0,792.00x612.00/rot=0,False,False,,,,,,,
291,792.0,612.0,0,792.00x612.00/rot=0,False,False,,,,,,,
292,792.0,612.0,0,792.00x612.00/rot=0,False,False,,,,,,,
293,792.0,612.0,0,792.00x612.00/rot=0,False,False,,,,,,,
294,792.0,612.0,0,792.00x612.00/rot=0,False,False,,,,,,,
295,792.0,612.0,0,792.00x612.00/rot=0,False,False,,,,,,,
296,792.0,612.0,0,792.00x612.00/rot=0,False,False,,,,,,,
297,792.0,612.0,0,792.00x612.00/rot=0,False,False,,,,,,,
298,792.0,612.0,0,792.00x612.00/rot=0,False,False,,,,,,,
299,792.0,612.0,0,792.00x612.00/rot=0,False,False,,,,,,,
300,792.0,612.0,0,792.00x612.00/rot=0,False,False,,,,,,,
301,792.0,612.0,0,792.00x612.00/rot=0,False,False,,,,,,,
302,792.0,612.0,0,792.00x612.00/rot=0,False,False,,,,,,,
303,792.0,612.0,0,792.00x612.00/rot=0,False,False,,,,,,,
304,792.0,612.0,0,792.00x612.00/rot=0,False,False,,,,,,,
305,792.0,612.0,0,792.00x612.00/rot=0,False,False,,,,,,,
306,792.0,612.0,0,792.00x612.00/rot=0,False,False,,,,,,,
307,792.0,612.0,0,792.00x612.00/rot=0,False,False,,,,,,,
308,792.0,612.0,0,792.00x612.00/rot=0,False,False,,,,,,,
309,792.0,612.0,0,792.00x612.00/rot=0,False,False,,,,,,,
310,792.0,612.0,0,792.00x612.00/rot=0,False,False,,,,,,,
311,792.0,612.0,0,792.00x612.00/rot=0,False,False,,,,,,,
312,792.0,612.0,0,792.00x612.00/rot=0,False,False,,,,,,,
313,792.0,612.0,0,792.00x612.00/rot=0,False,False,,,,,,,
314,792.0,612.0,0,792.00x612.00/rot=0,False,False,,,,,,,
315,792.0,612.0,0,792.00x612.00/rot=0,False,False,,,,,,,
316,792.0,612.0,0,792.00x612.00/rot=0,False,False,,,,,,,
317,792.0,612.0,0,792.00x612.00/rot=0,False,False,,,,,,,
318,792.0,612.0,0,792.00x612.00/rot=0,False,False,,,,,,,
319,792.0,612.0,0,792.00x612.00/rot=0,False,False,,,,,,,
320,792.0,612.0,0,792.00x612.00/rot=0,False,False,,,,,,,
321,792.0,612.0,0,792.00x612.00/rot=0,False,False,,,,,,,
322,792.0,612.0,0,792.00x612.00/rot=0,False,False,,,,,,,
323,792.0,612.0,0,792.00x612.00/rot=0,False,False,,,,,,,
324,792.0,612.0,0,792.00x612.00/rot=0,False,False,,,,,,,
325,792.0,612.0,0,792.00x612.00/rot=0,False,False,,,,,,,
326,792.0,612.0,0,792.00x612.00/rot=0,False,False,,,,,,,
327,792.0,612.0,0,792.00x612.00/rot=0,False,False,,,,,,,
328,792.0,612.0,0,792.00x612.00/rot=0,False,False,,,,,,,
329,792.0,612.0,0,792.00x612.00/rot=0,False,False,,,,,,,
330,792.0,612.0,0,792.00x612.00/rot=0,False,False,,,,,,,
331,792.0,612.0,0,792.00x612.00/rot=0,False,False,,,,,,,
332,792.0,612.0,0,792.00x612.00/rot=0,False,False,,,,,,,
333,792.0,612.0,0,792.00x612.00/rot=0,False,False,,,,,,,
334,792.0,612.0,0,792.00x612.00/rot=0,False,False,,,,,,,
335,792.0,612.0,0,792.00x612.00/rot=0,False,False,,,,,,,
336,792.0,612.0,0,792.00x612.00/rot=0,False,False,,,,,,,
337,792.0,612.0,0,792.00x612.00/rot=0,False,False,,,,,,,
338,792.0,612.0,0,792.00x612.00/rot=0,False,False,,,,,,,
339,792.0,612.0,0,792.00x612.00/rot=0,False,False,,,,,,,
340,792.0,612.0,0,792.00x612.00/rot=0,False,False,,,,,,,
341,792.0,612.0,0,792.00x612.00/rot=0,False,False,,,,,,,
342,792.0,612.0,0,792.00x612.00/rot=0,False,False,,,,,,,
343,792.0,612.0,0,792.00x612.00/rot=0,False,False,,,,,,,
344,792.0,612.0,0,792.00x612.00/rot=0,False,False,,,,,,,
345,792.0,612.0,0,792.00x612.00/rot=0,False,False,,,,,,,
346,792.0,612.0,0,792.00x612.00/rot=0,False,False,,,,,,,
347,792.0,612.0,0,792.00x612.00/rot=0,False,False,,,,,,,
348,792.0,612.0,0,792.00x612.00/rot=0,False,False,,,,,,,
349,792.0,612.0,0,792.00x612.00/rot=0,False,False,,,,,,,
350,792.0,612.0,0,792.00x612.00/rot=0,False,False,,,,,,,
351,792.0,612.0,0,792.00x612.00/rot=0,False,False,,,,,,,
352,792.0,612.0,0,792.00x612.00/rot=0,False,False,,,,,,,
353,792.0,612.0,0,792.00x612.00/rot=0,False,False,,,,,,,
354,792.0,612.0,0,792.00x612.00/rot=0,False,True,manual_extra_pages,1314,39.4346,731.57218,88.87651999999997,584.6099999999999,
355,792.0,612.0,0,792.00x612.00/rot=0,False,True,manual_extra_pages,577,38.2344,731.57218,88.87651999999997,584.6099999999999,
356,792.0,612.0,0,792.00x612.00/rot=0,False,True,manual_extra_pages,84,148.466112,662.844096,154.21244000000002,594.3,
357,792.0,612.0,0,792.00x612.00/rot=0,False,True,manual_extra_pages,892,46.8183,732.7087999999999,63.23395999999997,584.22,
358,792.0,612.0,0,792.00x612.00/rot=0,False,True,manual_extra_pages,1094,58.321439999999996,732.7087999999999,62.02556000000004,584.22,
359,792.0,612.0,0,792.00x612.00/rot=0,False,True,manual_extra_pages,1094,58.321439999999996,732.7087999999999,62.02556000000004,584.22,
360,792.0,612.0,0,792.00x612.00/rot=0,False,True,manual_extra_pages,1094,58.321439999999996,732.7087999999999,62.02556000000004,584.22,
361,792.0,612.0,0,792.00x612.00/rot=0,False,True,manual_extra_pages,1094,58.321439999999996,732.7087999999999,62.02556000000004,584.22,
362,792.0,612.0,0,792.00x612.00/rot=0,False,True,manual_extra_pages|middle_pages,1094,58.321439999999996,732.7087999999999,62.02556000000004,584.22,
363,792.0,612.0,0,792.00x612.00/rot=0,False,True,manual_extra_pages|middle_pages,1094,58.321439999999996,732.7087999999999,62.02556000000004,584.22,
364,792.0,612.0,0,792.00x612.00/rot=0,False,True,middle_pages,1094,58.321439999999996,740.6807200000001,62.02556000000004,584.22,
365,792.0,612.0,0,792.00x612.00/rot=0,False,True,middle_pages,1094,58.321439999999996,740.6807200000001,62.02556000000004,584.22,
366,792.0,612.0,0,792.00x612.00/rot=0,False,True,middle_pages,1094,58.321439999999996,738.88072,62.02556000000004,584.22,
367,792.0,612.0,0,792.00x612.00/rot=0,False,True,middle_pages,1094,58.321439999999996,738.88072,62.02556000000004,584.22,
368,792.0,612.0,0,792.00x612.00/rot=0,False,True,middle_pages,1094,58.321439999999996,738.88072,62.02556000000004,584.22,
369,792.0,612.0,0,792.00x612.00/rot=0,False,True,middle_pages,1094,58.321439999999996,738.88072,62.02556000000004,584.22,
370,792.0,612.0,0,792.00x612.00/rot=0,False,True,middle_pages,1094,58.321439999999996,737.0807199999999,62.02556000000004,584.22,
371,792.0,612.0,0,792.00x612.00/rot=0,False,False,,,,,,,
372,792.0,612.0,0,792.00x612.00/rot=0,False,False,,,,,,,
373,792.0,612.0,0,792.00x612.00/rot=0,False,False,,,,,,,
374,792.0,612.0,0,792.00x612.00/rot=0,False,False,,,,,,,
375,792.0,612.0,0,792.00x612.00/rot=0,False,False,,,,,,,
376,792.0,612.0,0,792.00x612.00/rot=0,False,False,,,,,,,
377,792.0,612.0,0,792.00x612.00/rot=0,False,False,,,,,,,
378,792.0,612.0,0,792.00x612.00/rot=0,False,False,,,,,,,
379,792.0,612.0,0,792.00x612.00/rot=0,False,False,,,,,,,
380,792.0,612.0,0,792.00x612.00/rot=0,False,False,,,,,,,
381,792.0,612.0,0,792.00x612.00/rot=0,False,False,,,,,,,
382,792.0,612.0,0,792.00x612.00/rot=0,False,False,,,,,,,
383,792.0,612.0,0,792.00x612.00/rot=0,False,False,,,,,,,
384,792.0,612.0,0,792.00x612.00/rot=0,False,False,,,,,,,
385,792.0,612.0,0,792.00x612.00/rot=0,False,False,,,,,,,
386,792.0,612.0,0,792.00x612.00/rot=0,False,False,,,,,,,
387,792.0,612.0,0,792.00x612.00/rot=0,False,False,,,,,,,
388,792.0,612.0,0,792.00x612.00/rot=0,False,False,,,,,,,
389,792.0,612.0,0,792.00x612.00/rot=0,False,False,,,,,,,
390,792.0,612.0,0,792.00x612.00/rot=0,False,False,,,,,,,
391,792.0,612.0,0,792.00x612.00/rot=0,False,False,,,,,,,
392,792.0,612.0,0,792.00x612.00/rot=0,False,False,,,,,,,
393,792.0,612.0,0,792.00x612.00/rot=0,False,False,,,,,,,
394,792.0,612.0,0,792.00x612.00/rot=0,False,False,,,,,,,
395,792.0,612.0,0,792.00x612.00/rot=0,False,False,,,,,,,
396,792.0,612.0,0,792.00x612.00/rot=0,False,False,,,,,,,
397,792.0,612.0,0,792.00x612.00/rot=0,False,False,,,,,,,
398,792.0,612.0,0,792.00x612.00/rot=0,False,False,,,,,,,
399,792.0,612.0,0,792.00x612.00/rot=0,False,False,,,,,,,
400,792.0,612.0,0,792.00x612.00/rot=0,False,False,,,,,,,
401,792.0,612.0,0,792.00x612.00/rot=0,False,False,,,,,,,
402,792.0,612.0,0,792.00x612.00/rot=0,False,False,,,,,,,
403,792.0,612.0,0,792.00x612.00/rot=0,False,False,,,,,,,
404,792.0,612.0,0,792.00x612.00/rot=0,False,False,,,,,,,
405,792.0,612.0,0,792.00x612.00/rot=0,False,False,,,,,,,
406,792.0,612.0,0,792.00x612.00/rot=0,False,False,,,,,,,
407,792.0,612.0,0,792.00x612.00/rot=0,False,False,,,,,,,
408,792.0,612.0,0,792.00x612.00/rot=0,False,False,,,,,,,
409,792.0,612.0,0,792.00x612.00/rot=0,False,False,,,,,,,
410,792.0,612.0,0,792.00x612.00/rot=0,False,False,,,,,,,
411,792.0,612.0,0,792.00x612.00/rot=0,False,False,,,,,,,
412,792.0,612.0,0,792.00x612.00/rot=0,False,False,,,,,,,
413,792.0,612.0,0,792.00x612.00/rot=0,False,False,,,,,,,
414,792.0,612.0,0,792.00x612.00/rot=0,False,False,,,,,,,
415,792.0,612.0,0,792.00x612.00/rot=0,False,False,,,,,,,
416,792.0,612.0,0,792.00x612.00/rot=0,False,False,,,,,,,
417,792.0,612.0,0,792.00x612.00/rot=0,False,False,,,,,,,
418,792.0,612.0,0,792.00x612.00/rot=0,False,False,,,,,,,
419,792.0,612.0,0,792.00x612.00/rot=0,False,False,,,,,,,
420,792.0,612.0,0,792.00x612.00/rot=0,False,False,,,,,,,
421,792.0,612.0,0,792.00x612.00/rot=0,False,False,,,,,,,
422,792.0,612.0,0,792.00x612.00/rot=0,False,False,,,,,,,
423,792.0,612.0,0,792.00x612.00/rot=0,False,False,,,,,,,
424,792.0,612.0,0,792.00x612.00/rot=0,False,False,,,,,,,
425,792.0,612.0,0,792.00x612.00/rot=0,False,False,,,,,,,
426,792.0,612.0,0,792.00x612.00/rot=0,False,False,,,,,,,
427,792.0,612.0,0,792.00x612.00/rot=0,False,False,,,,,,,
428,792.0,612.0,0,792.00x612.00/rot=0,False,False,,,,,,,
429,792.0,612.0,0,792.00x612.00/rot=0,False,False,,,,,,,
430,792.0,612.0,0,792.00x612.00/rot=0,False,False,,,,,,,
431,792.0,612.0,0,792.00x612.00/rot=0,False,False,,,,,,,
432,792.0,612.0,0,792.00x612.00/rot=0,False,False,,,,,,,
433,792.0,612.0,0,792.00x612.00/rot=0,False,False,,,,,,,
434,792.0,612.0,0,792.00x612.00/rot=0,False,False,,,,,,,
435,792.0,612.0,0,792.00x612.00/rot=0,False,False,,,,,,,
436,792.0,612.0,0,792.00x612.00/rot=0,False,False,,,,,,,
437,792.0,612.0,0,792.00x612.00/rot=0,False,False,,,,,,,
438,792.0,612.0,0,792.00x612.00/rot=0,False,False,,,,,,,
439,792.0,612.0,0,792.00x612.00/rot=0,False,False,,,,,,,
440,792.0,612.0,0,792.00x612.00/rot=0,False,False,,,,,,,
441,792.0,612.0,0,792.00x612.00/rot=0,False,False,,,,,,,
442,792.0,612.0,0,792.00x612.00/rot=0,False,False,,,,,,,
443,792.0,612.0,0,792.00x612.00/rot=0,False,False,,,,,,,
444,792.0,612.0,0,792.00x612.00/rot=0,False,False,,,,,,,
445,792.0,612.0,0,792.00x612.00/rot=0,False,False,,,,,,,
446,792.0,612.0,0,792.00x612.00/rot=0,False,False,,,,,,,
447,792.0,612.0,0,792.00x612.00/rot=0,False,False,,,,,,,
448,792.0,612.0,0,792.00x612.00/rot=0,False,False,,,,,,,
449,792.0,612.0,0,792.00x612.00/rot=0,False,False,,,,,,,
450,792.0,612.0,0,792.00x612.00/rot=0,False,False,,,,,,,
451,792.0,612.0,0,792.00x612.00/rot=0,False,False,,,,,,,
452,792.0,612.0,0,792.00x612.00/rot=0,False,False,,,,,,,
453,792.0,612.0,0,792.00x612.00/rot=0,False,False,,,,,,,
454,792.0,612.0,0,792.00x612.00/rot=0,False,False,,,,,,,
455,792.0,612.0,0,792.00x612.00/rot=0,False,False,,,,,,,
456,792.0,612.0,0,792.00x612.00/rot=0,False,False,,,,,,,
457,792.0,612.0,0,792.00x612.00/rot=0,False,False,,,,,,,
458,792.0,612.0,0,792.00x612.00/rot=0,False,False,,,,,,,
459,792.0,612.0,0,792.00x612.00/rot=0,False,False,,,,,,,
460,792.0,612.0,0,792.00x612.00/rot=0,False,False,,,,,,,
461,792.0,612.0,0,792.00x612.00/rot=0,False,False,,,,,,,
462,792.0,612.0,0,792.00x612.00/rot=0,False,False,,,,,,,
463,792.0,612.0,0,792.00x612.00/rot=0,False,False,,,,,,,
464,792.0,612.0,0,792.00x612.00/rot=0,False,False,,,,,,,
465,792.0,612.0,0,792.00x612.00/rot=0,False,False,,,,,,,
466,792.0,612.0,0,792.00x612.00/rot=0,False,False,,,,,,,
467,792.0,612.0,0,792.00x612.00/rot=0,False,False,,,,,,,
468,792.0,612.0,0,792.00x612.00/rot=0,False,False,,,,,,,
469,792.0,612.0,0,792.00x612.00/rot=0,False,False,,,,,,,
470,792.0,612.0,0,792.00x612.00/rot=0,False,False,,,,,,,
471,792.0,612.0,0,792.00x612.00/rot=0,False,False,,,,,,,
472,792.0,612.0,0,792.00x612.00/rot=0,False,False,,,,,,,
473,792.0,612.0,0,792.00x612.00/rot=0,False,False,,,,,,,
474,792.0,612.0,0,792.00x612.00/rot=0,False,False,,,,,,,
475,792.0,612.0,0,792.00x612.00/rot=0,False,False,,,,,,,
476,792.0,612.0,0,792.00x612.00/rot=0,False,False,,,,,,,
477,792.0,612.0,0,792.00x612.00/rot=0,False,False,,,,,,,
478,792.0,612.0,0,792.00x612.00/rot=0,False,False,,,,,,,
479,792.0,612.0,0,792.00x612.00/rot=0,False,False,,,,,,,
480,792.0,612.0,0,792.00x612.00/rot=0,False,False,,,,,,,
481,792.0,612.0,0,792.00x612.00/rot=0,False,False,,,,,,,
482,792.0,612.0,0,792.00x612.00/rot=0,False,False,,,,,,,
483,792.0,612.0,0,792.00x612.00/rot=0,False,False,,,,,,,
484,792.0,612.0,0,792.00x612.00/rot=0,False,False,,,,,,,
485,792.0,612.0,0,792.00x612.00/rot=0,False,False,,,,,,,
486,792.0,612.0,0,792.00x612.00/rot=0,False,False,,,,,,,
487,792.0,612.0,0,792.00x612.00/rot=0,False,False,,,,,,,
488,792.0,612.0,0,792.00x612.00/rot=0,False,False,,,,,,,
489,792.0,612.0,0,792.00x612.00/rot=0,False,False,,,,,,,
490,792.0,612.0,0,792.00x612.00/rot=0,False,False,,,,,,,
491,792.0,612.0,0,792.00x612.00/rot=0,False,False,,,,,,,
492,792.0,612.0,0,792.00x612.00/rot=0,False,False,,,,,,,
493,792.0,612.0,0,792.00x612.00/rot=0,False,False,,,,,,,
494,792.0,612.0,0,792.00x612.00/rot=0,False,False,,,,,,,
495,792.0,612.0,0,792.00x612.00/rot=0,False,False,,,,,,,
496,792.0,612.0,0,792.00x612.00/rot=0,False,False,,,,,,,
497,792.0,612.0,0,792.00x612.00/rot=0,False,False,,,,,,,
498,792.0,612.0,0,792.00x612.00/rot=0,False,False,,,,,,,
499,792.0,612.0,0,792.00x612.00/rot=0,False,False,,,,,,,
500,792.0,612.0,0,792.00x612.00/rot=0,False,False,,,,,,,
501,792.0,612.0,0,792.00x612.00/rot=0,False,False,,,,,,,
502,792.0,612.0,0,792.00x612.00/rot=0,False,False,,,,,,,
503,792.0,612.0,0,792.00x612.00/rot=0,False,False,,,,,,,
504,792.0,612.0,0,792.00x612.00/rot=0,False,False,,,,,,,
505,792.0,612.0,0,792.00x612.00/rot=0,False,False,,,,,,,
506,792.0,612.0,0,792.00x612.00/rot=0,False,False,,,,,,,
507,792.0,612.0,0,792.00x612.00/rot=0,False,False,,,,,,,
508,792.0,612.0,0,792.00x612.00/rot=0,False,False,,,,,,,
509,792.0,612.0,0,792.00x612.00/rot=0,False,False,,,,,,,
510,792.0,612.0,0,792.00x612.00/rot=0,False,False,,,,,,,
511,792.0,612.0,0,792.00x612.00/rot=0,False,False,,,,,,,
512,792.0,612.0,0,792.00x612.00/rot=0,False,False,,,,,,,
513,792.0,612.0,0,792.00x612.00/rot=0,False,False,,,,,,,
514,792.0,612.0,0,792.00x612.00/rot=0,False,False,,,,,,,
515,792.0,612.0,0,792.00x612.00/rot=0,False,False,,,,,,,
516,792.0,612.0,0,792.00x612.00/rot=0,False,False,,,,,,,
517,792.0,612.0,0,792.00x612.00/rot=0,False,False,,,,,,,
518,792.0,612.0,0,792.00x612.00/rot=0,False,False,,,,,,,
519,792.0,612.0,0,792.00x612.00/rot=0,False,False,,,,,,,
520,792.0,612.0,0,792.00x612.00/rot=0,False,False,,,,,,,
521,792.0,612.0,0,792.00x612.00/rot=0,False,False,,,,,,,
522,792.0,612.0,0,792.00x612.00/rot=0,False,False,,,,,,,
523,792.0,612.0,0,792.00x612.00/rot=0,False,False,,,,,,,
524,792.0,612.0,0,792.00x612.00/rot=0,False,False,,,,,,,
525,792.0,612.0,0,792.00x612.00/rot=0,False,False,,,,,,,
526,792.0,612.0,0,792.00x612.00/rot=0,False,False,,,,,,,
527,792.0,612.0,0,792.00x612.00/rot=0,False,False,,,,,,,
528,792.0,612.0,0,792.00x612.00/rot=0,False,False,,,,,,,
529,792.0,612.0,0,792.00x612.00/rot=0,False,False,,,,,,,
530,792.0,612.0,0,792.00x612.00/rot=0,False,False,,,,,,,
531,792.0,612.0,0,792.00x612.00/rot=0,False,False,,,,,,,
532,792.0,612.0,0,792.00x612.00/rot=0,False,False,,,,,,,
533,792.0,612.0,0,792.00x612.00/rot=0,False,False,,,,,,,
534,792.0,612.0,0,792.00x612.00/rot=0,False,False,,,,,,,
535,792.0,612.0,0,792.00x612.00/rot=0,False,False,,,,,,,
536,792.0,612.0,0,792.00x612.00/rot=0,False,False,,,,,,,
537,792.0,612.0,0,792.00x612.00/rot=0,False,False,,,,,,,
538,792.0,612.0,0,792.00x612.00/rot=0,False,False,,,,,,,
539,792.0,612.0,0,792.00x612.00/rot=0,False,False,,,,,,,
540,792.0,612.0,0,792.00x612.00/rot=0,False,False,,,,,,,
541,792.0,612.0,0,792.00x612.00/rot=0,False,False,,,,,,,
542,792.0,612.0,0,792.00x612.00/rot=0,False,False,,,,,,,
543,792.0,612.0,0,792.00x612.00/rot=0,False,False,,,,,,,
544,792.0,612.0,0,792.00x612.00/rot=0,False,False,,,,,,,
545,792.0,612.0,0,792.00x612.00/rot=0,False,False,,,,,,,
546,792.0,612.0,0,792.00x612.00/rot=0,False,False,,,,,,,
547,792.0,612.0,0,792.00x612.00/rot=0,False,False,,,,,,,
548,792.0,612.0,0,792.00x612.00/rot=0,False,False,,,,,,,
549,792.0,612.0,0,792.00x612.00/rot=0,False,False,,,,,,,
550,792.0,612.0,0,792.00x612.00/rot=0,False,False,,,,,,,
551,792.0,612.0,0,792.00x612.00/rot=0,False,False,,,,,,,
552,792.0,612.0,0,792.00x612.00/rot=0,False,False,,,,,,,
553,792.0,612.0,0,792.00x612.00/rot=0,False,False,,,,,,,
554,792.0,612.0,0,792.00x612.00/rot=0,False,False,,,,,,,
555,792.0,612.0,0,792.00x612.00/rot=0,False,False,,,,,,,
556,792.0,612.0,0,792.00x612.00/rot=0,False,False,,,,,,,
557,792.0,612.0,0,792.00x612.00/rot=0,False,False,,,,,,,
558,792.0,612.0,0,792.00x612.00/rot=0,False,False,,,,,,,
559,792.0,612.0,0,792.00x612.00/rot=0,False,False,,,,,,,
560,792.0,612.0,0,792.00x612.00/rot=0,False,False,,,,,,,
561,792.0,612.0,0,792.00x612.00/rot=0,False,False,,,,,,,
562,792.0,612.0,0,792.00x612.00/rot=0,False,False,,,,,,,
563,792.0,612.0,0,792.00x612.00/rot=0,False,False,,,,,,,
564,792.0,612.0,0,792.00x612.00/rot=0,False,False,,,,,,,
565,792.0,612.0,0,792.00x612.00/rot=0,False,False,,,,,,,
566,792.0,612.0,0,792.00x612.00/rot=0,False,False,,,,,,,
567,792.0,612.0,0,792.00x612.00/rot=0,False,False,,,,,,,
568,792.0,612.0,0,792.00x612.00/rot=0,False,False,,,,,,,
569,792.0,612.0,0,792.00x612.00/rot=0,False,False,,,,,,,
570,792.0,612.0,0,792.00x612.00/rot=0,False,False,,,,,,,
571,792.0,612.0,0,792.00x612.00/rot=0,False,False,,,,,,,
572,792.0,612.0,0,792.00x612.00/rot=0,False,False,,,,,,,
573,792.0,612.0,0,792.00x612.00/rot=0,False,False,,,,,,,
574,792.0,612.0,0,792.00x612.00/rot=0,False,False,,,,,,,
575,792.0,612.0,0,792.00x612.00/rot=0,False,False,,,,,,,
576,792.0,612.0,0,792.00x612.00/rot=0,False,False,,,,,,,
577,792.0,612.0,0,792.00x612.00/rot=0,False,False,,,,,,,
578,792.0,612.0,0,792.00x612.00/rot=0,False,False,,,,,,,
579,792.0,612.0,0,792.00x612.00/rot=0,False,False,,,,,,,
580,792.0,612.0,0,792.00x612.00/rot=0,False,False,,,,,,,
581,792.0,612.0,0,792.00x612.00/rot=0,False,False,,,,,,,
582,792.0,612.0,0,792.00x612.00/rot=0,False,False,,,,,,,
583,792.0,612.0,0,792.00x612.00/rot=0,False,False,,,,,,,
584,792.0,612.0,0,792.00x612.00/rot=0,False,False,,,,,,,
585,792.0,612.0,0,792.00x612.00/rot=0,False,False,,,,,,,
586,792.0,612.0,0,792.00x612.00/rot=0,False,False,,,,,,,
587,792.0,612.0,0,792.00x612.00/rot=0,False,False,,,,,,,
588,792.0,612.0,0,792.00x612.00/rot=0,False,False,,,,,,,
589,792.0,612.0,0,792.00x612.00/rot=0,False,False,,,,,,,
590,792.0,612.0,0,792.00x612.00/rot=0,False,False,,,,,,,
591,792.0,612.0,0,792.00x612.00/rot=0,False,False,,,,,,,
592,792.0,612.0,0,792.00x612.00/rot=0,False,False,,,,,,,
593,792.0,612.0,0,792.00x612.00/rot=0,False,False,,,,,,,
594,792.0,612.0,0,792.00x612.00/rot=0,False,False,,,,,,,
595,792.0,612.0,0,792.00x612.00/rot=0,False,False,,,,,,,
596,792.0,612.0,0,792.00x612.00/rot=0,False,False,,,,,,,
597,792.0,612.0,0,792.00x612.00/rot=0,False,False,,,,,,,
598,792.0,612.0,0,792.00x612.00/rot=0,False,False,,,,,,,
599,792.0,612.0,0,792.00x612.00/rot=0,False,False,,,,,,,
600,792.0,612.0,0,792.00x612.00/rot=0,False,False,,,,,,,
601,792.0,612.0,0,792.00x612.00/rot=0,False,False,,,,,,,
602,792.0,612.0,0,792.00x612.00/rot=0,False,False,,,,,,,
603,792.0,612.0,0,792.00x612.00/rot=0,False,False,,,,,,,
604,792.0,612.0,0,792.00x612.00/rot=0,False,False,,,,,,,
605,792.0,612.0,0,792.00x612.00/rot=0,False,False,,,,,,,
606,792.0,612.0,0,792.00x612.00/rot=0,False,False,,,,,,,
607,792.0,612.0,0,792.00x612.00/rot=0,False,False,,,,,,,
608,792.0,612.0,0,792.00x612.00/rot=0,False,False,,,,,,,
609,792.0,612.0,0,792.00x612.00/rot=0,False,False,,,,,,,
610,792.0,612.0,0,792.00x612.00/rot=0,False,False,,,,,,,
611,792.0,612.0,0,792.00x612.00/rot=0,False,False,,,,,,,
612,792.0,612.0,0,792.00x612.00/rot=0,False,False,,,,,,,
613,792.0,612.0,0,792.00x612.00/rot=0,False,False,,,,,,,
614,792.0,612.0,0,792.00x612.00/rot=0,False,False,,,,,,,
615,792.0,612.0,0,792.00x612.00/rot=0,False,False,,,,,,,
616,792.0,612.0,0,792.00x612.00/rot=0,False,False,,,,,,,
617,792.0,612.0,0,792.00x612.00/rot=0,False,False,,,,,,,
618,792.0,612.0,0,792.00x612.00/rot=0,False,False,,,,,,,
619,792.0,612.0,0,792.00x612.00/rot=0,False,False,,,,,,,
620,792.0,612.0,0,792.00x612.00/rot=0,False,False,,,,,,,
621,792.0,612.0,0,792.00x612.00/rot=0,False,False,,,,,,,
622,792.0,612.0,0,792.00x612.00/rot=0,False,False,,,,,,,
623,792.0,612.0,0,792.00x612.00/rot=0,False,False,,,,,,,
624,792.0,612.0,0,792.00x612.00/rot=0,False,False,,,,,,,
625,792.0,612.0,0,792.00x612.00/rot=0,False,False,,,,,,,
626,792.0,612.0,0,792.00x612.00/rot=0,False,False,,,,,,,
627,792.0,612.0,0,792.00x612.00/rot=0,False,False,,,,,,,
628,792.0,612.0,0,792.00x612.00/rot=0,False,False,,,,,,,
629,792.0,612.0,0,792.00x612.00/rot=0,False,False,,,,,,,
630,792.0,612.0,0,792.00x612.00/rot=0,False,False,,,,,,,
631,792.0,612.0,0,792.00x612.00/rot=0,False,False,,,,,,,
632,792.0,612.0,0,792.00x612.00/rot=0,False,False,,,,,,,
633,792.0,612.0,0,792.00x612.00/rot=0,False,False,,,,,,,
634,792.0,612.0,0,792.00x612.00/rot=0,False,False,,,,,,,
635,792.0,612.0,0,792.00x612.00/rot=0,False,False,,,,,,,
636,792.0,612.0,0,792.00x612.00/rot=0,False,False,,,,,,,
637,792.0,612.0,0,792.00x612.00/rot=0,False,False,,,,,,,
638,792.0,612.0,0,792.00x612.00/rot=0,False,False,,,,,,,
639,792.0,612.0,0,792.00x612.00/rot=0,False,False,,,,,,,
640,792.0,612.0,0,792.00x612.00/rot=0,False,False,,,,,,,
641,792.0,612.0,0,792.00x612.00/rot=0,False,False,,,,,,,
642,792.0,612.0,0,792.00x612.00/rot=0,False,False,,,,,,,
643,792.0,612.0,0,792.00x612.00/rot=0,False,False,,,,,,,
644,792.0,612.0,0,792.00x612.00/rot=0,False,False,,,,,,,
645,792.0,612.0,0,792.00x612.00/rot=0,False,False,,,,,,,
646,792.0,612.0,0,792.00x612.00/rot=0,False,False,,,,,,,
647,792.0,612.0,0,792.00x612.00/rot=0,False,False,,,,,,,
648,792.0,612.0,0,792.00x612.00/rot=0,False,False,,,,,,,
649,792.0,612.0,0,792.00x612.00/rot=0,False,False,,,,,,,
650,792.0,612.0,0,792.00x612.00/rot=0,False,False,,,,,,,
651,792.0,612.0,0,792.00x612.00/rot=0,False,False,,,,,,,
652,792.0,612.0,0,792.00x612.00/rot=0,False,False,,,,,,,
653,792.0,612.0,0,792.00x612.00/rot=0,False,False,,,,,,,
654,792.0,612.0,0,792.00x612.00/rot=0,False,False,,,,,,,
655,792.0,612.0,0,792.00x612.00/rot=0,False,False,,,,,,,
656,792.0,612.0,0,792.00x612.00/rot=0,False,False,,,,,,,
657,792.0,612.0,0,792.00x612.00/rot=0,False,False,,,,,,,
658,792.0,612.0,0,792.00x612.00/rot=0,False,False,,,,,,,
659,792.0,612.0,0,792.00x612.00/rot=0,False,False,,,,,,,
660,792.0,612.0,0,792.00x612.00/rot=0,False,False,,,,,,,
661,792.0,612.0,0,792.00x612.00/rot=0,False,False,,,,,,,
662,792.0,612.0,0,792.00x612.00/rot=0,False,False,,,,,,,
663,792.0,612.0,0,792.00x612.00/rot=0,False,False,,,,,,,
664,792.0,612.0,0,792.00x612.00/rot=0,False,False,,,,,,,
665,792.0,612.0,0,792.00x612.00/rot=0,False,False,,,,,,,
666,792.0,612.0,0,792.00x612.00/rot=0,False,False,,,,,,,
667,792.0,612.0,0,792.00x612.00/rot=0,False,False,,,,,,,
668,792.0,612.0,0,792.00x612.00/rot=0,False,False,,,,,,,
669,792.0,612.0,0,792.00x612.00/rot=0,False,False,,,,,,,
670,792.0,612.0,0,792.00x612.00/rot=0,False,False,,,,,,,
671,792.0,612.0,0,792.00x612.00/rot=0,False,False,,,,,,,
672,792.0,612.0,0,792.00x612.00/rot=0,False,False,,,,,,,
673,792.0,612.0,0,792.00x612.00/rot=0,False,False,,,,,,,
674,792.0,612.0,0,792.00x612.00/rot=0,False,False,,,,,,,
675,792.0,612.0,0,792.00x612.00/rot=0,False,False,,,,,,,
676,792.0,612.0,0,792.00x612.00/rot=0,False,False,,,,,,,
677,792.0,612.0,0,792.00x612.00/rot=0,False,False,,,,,,,
678,792.0,612.0,0,792.00x612.00/rot=0,False,False,,,,,,,
679,792.0,612.0,0,792.00x612.00/rot=0,False,False,,,,,,,
680,792.0,612.0,0,792.00x612.00/rot=0,False,False,,,,,,,
681,792.0,612.0,0,792.00x612.00/rot=0,False,False,,,,,,,
682,792.0,612.0,0,792.00x612.00/rot=0,False,False,,,,,,,
683,792.0,612.0,0,792.00x612.00/rot=0,False,False,,,,,,,
684,792.0,612.0,0,792.00x612.00/rot=0,False,False,,,,,,,
685,792.0,612.0,0,792.00x612.00/rot=0,False,False,,,,,,,
686,792.0,612.0,0,792.00x612.00/rot=0,False,False,,,,,,,
687,792.0,612.0,0,792.00x612.00/rot=0,False,False,,,,,,,
688,792.0,612.0,0,792.00x612.00/rot=0,False,False,,,,,,,
689,792.0,612.0,0,792.00x612.00/rot=0,False,False,,,,,,,
690,792.0,612.0,0,792.00x612.00/rot=0,False,False,,,,,,,
691,792.0,612.0,0,792.00x612.00/rot=0,False,False,,,,,,,
692,792.0,612.0,0,792.00x612.00/rot=0,False,False,,,,,,,
693,792.0,612.0,0,792.00x612.00/rot=0,False,False,,,,,,,
694,792.0,612.0,0,792.00x612.00/rot=0,False,False,,,,,,,
695,792.0,612.0,0,792.00x612.00/rot=0,False,False,,,,,,,
696,792.0,612.0,0,792.00x612.00/rot=0,False,False,,,,,,,
697,792.0,612.0,0,792.00x612.00/rot=0,False,False,,,,,,,
698,792.0,612.0,0,792.00x612.00/rot=0,False,False,,,,,,,
699,792.0,612.0,0,792.00x612.00/rot=0,False,False,,,,,,,
700,792.0,612.0,0,792.00x612.00/rot=0,False,False,,,,,,,
701,792.0,612.0,0,792.00x612.00/rot=0,False,False,,,,,,,
702,792.0,612.0,0,792.00x612.00/rot=0,False,False,,,,,,,
703,792.0,612.0,0,792.00x612.00/rot=0,False,False,,,,,,,
704,792.0,612.0,0,792.00x612.00/rot=0,False,False,,,,,,,
705,792.0,612.0,0,792.00x612.00/rot=0,False,False,,,,,,,
706,792.0,612.0,0,792.00x612.00/rot=0,False,False,,,,,,,
707,792.0,612.0,0,792.00x612.00/rot=0,False,False,,,,,,,
708,792.0,612.0,0,792.00x612.00/rot=0,False,False,,,,,,,
709,792.0,612.0,0,792.00x612.00/rot=0,False,False,,,,,,,
710,792.0,612.0,0,792.00x612.00/rot=0,False,False,,,,,,,
711,792.0,612.0,0,792.00x612.00/rot=0,False,False,,,,,,,
712,792.0,612.0,0,792.00x612.00/rot=0,False,False,,,,,,,
713,792.0,612.0,0,792.00x612.00/rot=0,False,False,,,,,,,
714,792.0,612.0,0,792.00x612.00/rot=0,False,False,,,,,,,
715,792.0,612.0,0,792.00x612.00/rot=0,False,False,,,,,,,
716,792.0,612.0,0,792.00x612.00/rot=0,False,False,,,,,,,
717,792.0,612.0,0,792.00x612.00/rot=0,False,False,,,,,,,
718,792.0,612.0,0,792.00x612.00/rot=0,False,False,,,,,,,
719,792.0,612.0,0,792.00x612.00/rot=0,False,False,,,,,,,
720,792.0,612.0,0,792.00x612.00/rot=0,False,False,,,,,,,
721,792.0,612.0,0,792.00x612.00/rot=0,False,False,,,,,,,
722,792.0,612.0,0,792.00x612.00/rot=0,False,False,,,,,,,
723,792.0,612.0,0,792.00x612.00/rot=0,False,False,,,,,,,
724,792.0,612.0,0,792.00x612.00/rot=0,False,False,,,,,,,
725,792.0,612.0,0,792.00x612.00/rot=0,False,True,final_data_pages,1094,56.52144000000001,733.48072,62.02556000000004,584.22,
726,792.0,612.0,0,792.00x612.00/rot=0,False,True,final_data_pages,1094,56.52144000000001,733.48072,62.02556000000004,584.22,
727,792.0,612.0,0,792.00x612.00/rot=0,False,True,final_data_pages,1094,56.52144000000001,733.48072,62.02556000000004,584.22,
728,792.0,612.0,0,792.00x612.00/rot=0,False,True,final_data_pages,1094,56.52144000000001,733.48072,62.02556000000004,584.22,
729,792.0,612.0,0,792.00x612.00/rot=0,False,True,final_data_pages,1094,56.52144000000001,733.48072,62.02556000000004,584.22,
730,792.0,612.0,0,792.00x612.00/rot=0,False,True,final_data_pages,1094,56.52144000000001,733.48072,62.02556000000004,584.22,
731,792.0,612.0,0,792.00x612.00/rot=0,False,True,final_data_pages,1094,56.52144000000001,733.48072,62.02556000000004,584.22,
732,792.0,612.0,0,792.00x612.00/rot=0,False,True,final_data_pages,1094,56.52144000000001,733.48072,62.02556000000004,584.22,
733,792.0,612.0,0,792.00x612.00/rot=0,False,True,final_data_pages,863,53.16144,733.48072,62.02556000000004,584.22,
