source_page,template_family,section_code,parsed_grid_rows,canonical_records,populated_records,observed_dash_records,provenance_path
2,intro_data_ka1_ka10,KA1_KA10,28,644,56,588,PDF Page -> Parsed Grid Row -> Column Label -> Canonical Record
3,normal_ka1_ka10,KA1_KA10,47,1081,143,938,PDF Page -> Parsed Grid Row -> Column Label -> Canonical Record
4,normal_ka1_ka10,KA1_KA10,47,1081,210,871,PDF Page -> Parsed Grid Row -> Column Label -> Canonical Record
5,normal_ka1_ka10,KA1_KA10,47,1081,272,809,PDF Page -> Parsed Grid Row -> Column Label -> Canonical Record
6,normal_ka1_ka10,KA1_KA10,47,1081,400,681,PDF Page -> Parsed Grid Row -> Column Label -> Canonical Record
7,normal_ka1_ka10,KA1_KA10,47,1081,524,557,PDF Page -> Parsed Grid Row -> Column Label -> Canonical Record
8,normal_ka1_ka10,KA1_KA10,47,1081,660,421,PDF Page -> Parsed Grid Row -> Column Label -> Canonical Record
9,normal_ka1_ka10,KA1_KA10,47,1081,794,287,PDF Page -> Parsed Grid Row -> Column Label -> Canonical Record
10,normal_ka1_ka10,KA1_KA10,47,1081,878,203,PDF Page -> Parsed Grid Row -> Column Label -> Canonical Record
11,normal_ka1_ka10,KA1_KA10,47,1081,952,129,PDF Page -> Parsed Grid Row -> Column Label -> Canonical Record
12,normal_ka1_ka10,KA1_KA10,47,1081,1013,68,PDF Page -> Parsed Grid Row -> Column Label -> Canonical Record
13,normal_ka1_ka10,KA1_KA10,47,1081,1074,7,PDF Page -> Parsed Grid Row -> Column Label -> Canonical Record
14,normal_ka1_ka10,KA1_KA10,47,1081,1081,0,PDF Page -> Parsed Grid Row -> Column Label -> Canonical Record
15,normal_ka1_ka10,KA1_KA10,47,1081,1081,0,PDF Page -> Parsed Grid Row -> Column Label -> Canonical Record
16,normal_ka1_ka10,KA1_KA10,47,1081,1081,0,PDF Page -> Parsed Grid Row -> Column Label -> Canonical Record
17,normal_ka1_ka10,KA1_KA10,47,1081,1081,0,PDF Page -> Parsed Grid Row -> Column Label -> Canonical Record
18,normal_ka1_ka10,KA1_KA10,47,1081,1081,0,PDF Page -> Parsed Grid Row -> Column Label -> Canonical Record
19,normal_ka1_ka10,KA1_KA10,47,1081,1081,0,PDF Page -> Parsed Grid Row -> Column Label -> Canonical Record
20,normal_ka1_ka10,KA1_KA10,47,1081,1081,0,PDF Page -> Parsed Grid Row -> Column Label -> Canonical Record
21,normal_ka1_ka10,KA1_KA10,47,1081,1081,0,PDF Page -> Parsed Grid Row -> Column Label -> Canonical Record
22,normal_ka1_ka10,KA1_KA10,47,1081,1081,0,PDF Page -> Parsed Grid Row -> Column Label -> Canonical Record
23,normal_ka1_ka10,KA1_KA10,47,1081,1081,0,PDF Page -> Parsed Grid Row -> Column Label -> Canonical Record
24,normal_ka1_ka10,KA1_KA10,47,1081,1081,0,PDF Page -> Parsed Grid Row -> Column Label -> Canonical Record
25,normal_ka1_ka10,KA1_KA10,47,1081,1081,0,PDF Page -> Parsed Grid Row -> Column Label -> Canonical Record
26,normal_ka1_ka10,KA1_KA10,47,1081,1081,0,PDF Page -> Parsed Grid Row -> Column Label -> Canonical Record
27,normal_ka1_ka10,KA1_KA10,47,1081,1081,0,PDF Page -> Parsed Grid Row -> Column Label -> Canonical Record
28,normal_ka1_ka10,KA1_KA10,47,1081,1081,0,PDF Page -> Parsed Grid Row -> Column Label -> Canonical Record
29,normal_ka1_ka10,KA1_KA10,47,1081,1081,0,PDF Page -> Parsed Grid Row -> Column Label -> Canonical Record
30,normal_ka1_ka10,KA1_KA10,47,1081,1081,0,PDF Page -> Parsed Grid Row -> Column Label -> Canonical Record
31,normal_ka1_ka10,KA1_KA10,47,1081,1081,0,PDF Page -> Parsed Grid Row -> Column Label -> Canonical Record
32,normal_ka1_ka10,KA1_KA10,47,1081,1081,0,PDF Page -> Parsed Grid Row -> Column Label -> Canonical Record
33,normal_ka1_ka10,KA1_KA10,47,1081,1081,0,PDF Page -> Parsed Grid Row -> Column Label -> Canonical Record
34,normal_ka1_ka10,KA1_KA10,47,1081,1081,0,PDF Page -> Parsed Grid Row -> Column Label -> Canonical Record
35,normal_ka1_ka10,KA1_KA10,47,1081,1081,0,PDF Page -> Parsed Grid Row -> Column Label -> Canonical Record
36,normal_ka1_ka10,KA1_KA10,47,1081,1081,0,PDF Page -> Parsed Grid Row -> Column Label -> Canonical Record
37,normal_ka1_ka10,KA1_KA10,47,1081,1081,0,PDF Page -> Parsed Grid Row -> Column Label -> Canonical Record
38,normal_ka1_ka10,KA1_KA10,47,1081,1081,0,PDF Page -> Parsed Grid Row -> Column Label -> Canonical Record
39,normal_ka1_ka10,KA1_KA10,47,1081,1081,0,PDF Page -> Parsed Grid Row -> Column Label -> Canonical Record
40,normal_ka1_ka10,KA1_KA10,47,1081,1081,0,PDF Page -> Parsed Grid Row -> Column Label -> Canonical Record
41,normal_ka1_ka10,KA1_KA10,47,1081,1081,0,PDF Page -> Parsed Grid Row -> Column Label -> Canonical Record
42,normal_ka1_ka10,KA1_KA10,47,1081,1081,0,PDF Page -> Parsed Grid Row -> Column Label -> Canonical Record
43,normal_ka1_ka10,KA1_KA10,47,1081,1081,0,PDF Page -> Parsed Grid Row -> Column Label -> Canonical Record
44,normal_ka1_ka10,KA1_KA10,47,1081,1081,0,PDF Page -> Parsed Grid Row -> Column Label -> Canonical Record
45,normal_ka1_ka10,KA1_KA10,47,1081,1081,0,PDF Page -> Parsed Grid Row -> Column Label -> Canonical Record
46,normal_ka1_ka10,KA1_KA10,47,1081,1081,0,PDF Page -> Parsed Grid Row -> Column Label -> Canonical Record
47,normal_ka1_ka10,KA1_KA10,47,1081,1081,0,PDF Page -> Parsed Grid Row -> Column Label -> Canonical Record
48,normal_ka1_ka10,KA1_KA10,47,1081,1081,0,PDF Page -> Parsed Grid Row -> Column Label -> Canonical Record
49,normal_ka1_ka10,KA1_KA10,47,1081,1081,0,PDF Page -> Parsed Grid Row -> Column Label -> Canonical Record
50,normal_ka1_ka10,KA1_KA10,47,1081,1081,0,PDF Page -> Parsed Grid Row -> Column Label -> Canonical Record
51,normal_ka1_ka10,KA1_KA10,47,1081,1081,0,PDF Page -> Parsed Grid Row -> Column Label -> Canonical Record
52,normal_ka1_ka10,KA1_KA10,47,1081,1081,0,PDF Page -> Parsed Grid Row -> Column Label -> Canonical Record
53,normal_ka1_ka10,KA1_KA10,47,1081,1081,0,PDF Page -> Parsed Grid Row -> Column Label -> Canonical Record
54,normal_ka1_ka10,KA1_KA10,47,1081,1081,0,PDF Page -> Parsed Grid Row -> Column Label -> Canonical Record
55,normal_ka1_ka10,KA1_KA10,47,1081,1081,0,PDF Page -> Parsed Grid Row -> Column Label -> Canonical Record
56,normal_ka1_ka10,KA1_KA10,47,1081,1081,0,PDF Page -> Parsed Grid Row -> Column Label -> Canonical Record
57,normal_ka1_ka10,KA1_KA10,47,1081,1081,0,PDF Page -> Parsed Grid Row -> Column Label -> Canonical Record
58,normal_ka1_ka10,KA1_KA10,47,1081,1081,0,PDF Page -> Parsed Grid Row -> Column Label -> Canonical Record
59,normal_ka1_ka10,KA1_KA10,47,1081,1081,0,PDF Page -> Parsed Grid Row -> Column Label -> Canonical Record
60,normal_ka1_ka10,KA1_KA10,47,1081,1081,0,PDF Page -> Parsed Grid Row -> Column Label -> Canonical Record
61,normal_ka1_ka10,KA1_KA10,47,1081,1081,0,PDF Page -> Parsed Grid Row -> Column Label -> Canonical Record
62,normal_ka1_ka10,KA1_KA10,47,1081,1081,0,PDF Page -> Parsed Grid Row -> Column Label -> Canonical Record
63,normal_ka1_ka10,KA1_KA10,47,1081,1081,0,PDF Page -> Parsed Grid Row -> Column Label -> Canonical Record
64,normal_ka1_ka10,KA1_KA10,47,1081,1081,0,PDF Page -> Parsed Grid Row -> Column Label -> Canonical Record
65,normal_ka1_ka10,KA1_KA10,47,1081,1081,0,PDF Page -> Parsed Grid Row -> Column Label -> Canonical Record
66,normal_ka1_ka10,KA1_KA10,47,1081,1081,0,PDF Page -> Parsed Grid Row -> Column Label -> Canonical Record
67,normal_ka1_ka10,KA1_KA10,47,1081,1081,0,PDF Page -> Parsed Grid Row -> Column Label -> Canonical Record
68,normal_ka1_ka10,KA1_KA10,47,1081,1081,0,PDF Page -> Parsed Grid Row -> Column Label -> Canonical Record
69,normal_ka1_ka10,KA1_KA10,47,1081,1081,0,PDF Page -> Parsed Grid Row -> Column Label -> Canonical Record
70,normal_ka1_ka10,KA1_KA10,47,1081,1081,0,PDF Page -> Parsed Grid Row -> Column Label -> Canonical Record
71,normal_ka1_ka10,KA1_KA10,47,1081,1081,0,PDF Page -> Parsed Grid Row -> Column Label -> Canonical Record
72,normal_ka1_ka10,KA1_KA10,47,1081,1081,0,PDF Page -> Parsed Grid Row -> Column Label -> Canonical Record
73,normal_ka1_ka10,KA1_KA10,47,1081,1081,0,PDF Page -> Parsed Grid Row -> Column Label -> Canonical Record
74,normal_ka1_ka10,KA1_KA10,47,1081,1081,0,PDF Page -> Parsed Grid Row -> Column Label -> Canonical Record
75,normal_ka1_ka10,KA1_KA10,47,1081,1081,0,PDF Page -> Parsed Grid Row -> Column Label -> Canonical Record
76,normal_ka1_ka10,KA1_KA10,47,1081,1081,0,PDF Page -> Parsed Grid Row -> Column Label -> Canonical Record
77,normal_ka1_ka10,KA1_KA10,47,1081,1081,0,PDF Page -> Parsed Grid Row -> Column Label -> Canonical Record
78,normal_ka1_ka10,KA1_KA10,47,1081,1081,0,PDF Page -> Parsed Grid Row -> Column Label -> Canonical Record
79,normal_ka1_ka10,KA1_KA10,47,1081,1081,0,PDF Page -> Parsed Grid Row -> Column Label -> Canonical Record
80,normal_ka1_ka10,KA1_KA10,47,1081,1081,0,PDF Page -> Parsed Grid Row -> Column Label -> Canonical Record
81,normal_ka1_ka10,KA1_KA10,47,1081,1081,0,PDF Page -> Parsed Grid Row -> Column Label -> Canonical Record
82,normal_ka1_ka10,KA1_KA10,47,1081,1081,0,PDF Page -> Parsed Grid Row -> Column Label -> Canonical Record
83,normal_ka1_ka10,KA1_KA10,47,1081,1081,0,PDF Page -> Parsed Grid Row -> Column Label -> Canonical Record
84,normal_ka1_ka10,KA1_KA10,47,1081,1081,0,PDF Page -> Parsed Grid Row -> Column Label -> Canonical Record
85,normal_ka1_ka10,KA1_KA10,47,1081,1081,0,PDF Page -> Parsed Grid Row -> Column Label -> Canonical Record
86,normal_ka1_ka10,KA1_KA10,47,1081,1081,0,PDF Page -> Parsed Grid Row -> Column Label -> Canonical Record
87,normal_ka1_ka10,KA1_KA10,47,1081,1081,0,PDF Page -> Parsed Grid Row -> Column Label -> Canonical Record
88,normal_ka1_ka10,KA1_KA10,47,1081,1081,0,PDF Page -> Parsed Grid Row -> Column Label -> Canonical Record
89,normal_ka1_ka10,KA1_KA10,47,1081,1081,0,PDF Page -> Parsed Grid Row -> Column Label -> Canonical Record
90,normal_ka1_ka10,KA1_KA10,47,1081,1081,0,PDF Page -> Parsed Grid Row -> Column Label -> Canonical Record
91,normal_ka1_ka10,KA1_KA10,47,1081,1081,0,PDF Page -> Parsed Grid Row -> Column Label -> Canonical Record
92,normal_ka1_ka10,KA1_KA10,47,1081,1081,0,PDF Page -> Parsed Grid Row -> Column Label -> Canonical Record
93,normal_ka1_ka10,KA1_KA10,47,1081,1081,0,PDF Page -> Parsed Grid Row -> Column Label -> Canonical Record
94,normal_ka1_ka10,KA1_KA10,47,1081,1081,0,PDF Page -> Parsed Grid Row -> Column Label -> Canonical Record
95,normal_ka1_ka10,KA1_KA10,47,1081,1081,0,PDF Page -> Parsed Grid Row -> Column Label -> Canonical Record
96,normal_ka1_ka10,KA1_KA10,47,1081,1081,0,PDF Page -> Parsed Grid Row -> Column Label -> Canonical Record
97,normal_ka1_ka10,KA1_KA10,47,1081,1081,0,PDF Page -> Parsed Grid Row -> Column Label -> Canonical Record
98,normal_ka1_ka10,KA1_KA10,47,1081,1081,0,PDF Page -> Parsed Grid Row -> Column Label -> Canonical Record
99,normal_ka1_ka10,KA1_KA10,47,1081,1081,0,PDF Page -> Parsed Grid Row -> Column Label -> Canonical Record
100,normal_ka1_ka10,KA1_KA10,47,1081,1081,0,PDF Page -> Parsed Grid Row -> Column Label -> Canonical Record
101,normal_ka1_ka10,KA1_KA10,47,1081,1081,0,PDF Page -> Parsed Grid Row -> Column Label -> Canonical Record
102,normal_ka1_ka10,KA1_KA10,47,1081,1081,0,PDF Page -> Parsed Grid Row -> Column Label -> Canonical Record
103,normal_ka1_ka10,KA1_KA10,47,1081,1081,0,PDF Page -> Parsed Grid Row -> Column Label -> Canonical Record
104,normal_ka1_ka10,KA1_KA10,47,1081,1081,0,PDF Page -> Parsed Grid Row -> Column Label -> Canonical Record
105,normal_ka1_ka10,KA1_KA10,47,1081,1081,0,PDF Page -> Parsed Grid Row -> Column Label -> Canonical Record
106,normal_ka1_ka10,KA1_KA10,47,1081,1081,0,PDF Page -> Parsed Grid Row -> Column Label -> Canonical Record
107,normal_ka1_ka10,KA1_KA10,47,1081,1081,0,PDF Page -> Parsed Grid Row -> Column Label -> Canonical Record
108,normal_ka1_ka10,KA1_KA10,47,1081,1081,0,PDF Page -> Parsed Grid Row -> Column Label -> Canonical Record
109,normal_ka1_ka10,KA1_KA10,47,1081,1081,0,PDF Page -> Parsed Grid Row -> Column Label -> Canonical Record
110,normal_ka1_ka10,KA1_KA10,47,1081,1081,0,PDF Page -> Parsed Grid Row -> Column Label -> Canonical Record
111,normal_ka1_ka10,KA1_KA10,47,1081,1081,0,PDF Page -> Parsed Grid Row -> Column Label -> Canonical Record
112,normal_ka1_ka10,KA1_KA10,47,1081,1081,0,PDF Page -> Parsed Grid Row -> Column Label -> Canonical Record
113,normal_ka1_ka10,KA1_KA10,47,1081,1081,0,PDF Page -> Parsed Grid Row -> Column Label -> Canonical Record
114,normal_ka1_ka10,KA1_KA10,47,1081,1081,0,PDF Page -> Parsed Grid Row -> Column Label -> Canonical Record
115,normal_ka1_ka10,KA1_KA10,47,1081,1081,0,PDF Page -> Parsed Grid Row -> Column Label -> Canonical Record
116,normal_ka1_ka10,KA1_KA10,47,1081,1081,0,PDF Page -> Parsed Grid Row -> Column Label -> Canonical Record
117,normal_ka1_ka10,KA1_KA10,47,1081,1081,0,PDF Page -> Parsed Grid Row -> Column Label -> Canonical Record
118,normal_ka1_ka10,KA1_KA10,47,1081,1081,0,PDF Page -> Parsed Grid Row -> Column Label -> Canonical Record
119,normal_ka1_ka10,KA1_KA10,47,1081,1081,0,PDF Page -> Parsed Grid Row -> Column Label -> Canonical Record
120,normal_ka1_ka10,KA1_KA10,47,1081,1081,0,PDF Page -> Parsed Grid Row -> Column Label -> Canonical Record
121,normal_ka1_ka10,KA1_KA10,47,1081,1081,0,PDF Page -> Parsed Grid Row -> Column Label -> Canonical Record
122,normal_ka1_ka10,KA1_KA10,47,1081,1081,0,PDF Page -> Parsed Grid Row -> Column Label -> Canonical Record
123,normal_ka1_ka10,KA1_KA10,47,1081,1081,0,PDF Page -> Parsed Grid Row -> Column Label -> Canonical Record
124,normal_ka1_ka10,KA1_KA10,47,1081,1081,0,PDF Page -> Parsed Grid Row -> Column Label -> Canonical Record
125,normal_ka1_ka10,KA1_KA10,47,1081,1081,0,PDF Page -> Parsed Grid Row -> Column Label -> Canonical Record
126,normal_ka1_ka10,KA1_KA10,47,1081,1081,0,PDF Page -> Parsed Grid Row -> Column Label -> Canonical Record
127,normal_ka1_ka10,KA1_KA10,47,1081,1081,0,PDF Page -> Parsed Grid Row -> Column Label -> Canonical Record
128,normal_ka1_ka10,KA1_KA10,47,1081,1081,0,PDF Page -> Parsed Grid Row -> Column Label -> Canonical Record
129,normal_ka1_ka10,KA1_KA10,47,1081,1081,0,PDF Page -> Parsed Grid Row -> Column Label -> Canonical Record
130,normal_ka1_ka10,KA1_KA10,47,1081,1081,0,PDF Page -> Parsed Grid Row -> Column Label -> Canonical Record
131,normal_ka1_ka10,KA1_KA10,47,1081,1081,0,PDF Page -> Parsed Grid Row -> Column Label -> Canonical Record
132,normal_ka1_ka10,KA1_KA10,47,1081,1081,0,PDF Page -> Parsed Grid Row -> Column Label -> Canonical Record
133,normal_ka1_ka10,KA1_KA10,47,1081,1081,0,PDF Page -> Parsed Grid Row -> Column Label -> Canonical Record
134,normal_ka1_ka10,KA1_KA10,47,1081,1081,0,PDF Page -> Parsed Grid Row -> Column Label -> Canonical Record
135,normal_ka1_ka10,KA1_KA10,47,1081,1081,0,PDF Page -> Parsed Grid Row -> Column Label -> Canonical Record
136,normal_ka1_ka10,KA1_KA10,47,1081,1081,0,PDF Page -> Parsed Grid Row -> Column Label -> Canonical Record
137,normal_ka1_ka10,KA1_KA10,47,1081,1081,0,PDF Page -> Parsed Grid Row -> Column Label -> Canonical Record
138,normal_ka1_ka10,KA1_KA10,47,1081,1081,0,PDF Page -> Parsed Grid Row -> Column Label -> Canonical Record
139,normal_ka1_ka10,KA1_KA10,47,1081,1081,0,PDF Page -> Parsed Grid Row -> Column Label -> Canonical Record
140,normal_ka1_ka10,KA1_KA10,47,1081,1081,0,PDF Page -> Parsed Grid Row -> Column Label -> Canonical Record
141,normal_ka1_ka10,KA1_KA10,47,1081,1081,0,PDF Page -> Parsed Grid Row -> Column Label -> Canonical Record
142,normal_ka1_ka10,KA1_KA10,47,1081,1081,0,PDF Page -> Parsed Grid Row -> Column Label -> Canonical Record
143,normal_ka1_ka10,KA1_KA10,47,1081,1081,0,PDF Page -> Parsed Grid Row -> Column Label -> Canonical Record
144,normal_ka1_ka10,KA1_KA10,47,1081,1081,0,PDF Page -> Parsed Grid Row -> Column Label -> Canonical Record
145,normal_ka1_ka10,KA1_KA10,47,1081,1081,0,PDF Page -> Parsed Grid Row -> Column Label -> Canonical Record
146,normal_ka1_ka10,KA1_KA10,47,1081,1081,0,PDF Page -> Parsed Grid Row -> Column Label -> Canonical Record
147,normal_ka1_ka10,KA1_KA10,47,1081,1081,0,PDF Page -> Parsed Grid Row -> Column Label -> Canonical Record
148,normal_ka1_ka10,KA1_KA10,47,1081,1081,0,PDF Page -> Parsed Grid Row -> Column Label -> Canonical Record
149,normal_ka1_ka10,KA1_KA10,47,1081,1081,0,PDF Page -> Parsed Grid Row -> Column Label -> Canonical Record
150,normal_ka1_ka10,KA1_KA10,47,1081,1081,0,PDF Page -> Parsed Grid Row -> Column Label -> Canonical Record
151,normal_ka1_ka10,KA1_KA10,47,1081,1081,0,PDF Page -> Parsed Grid Row -> Column Label -> Canonical Record
152,normal_ka1_ka10,KA1_KA10,47,1081,1081,0,PDF Page -> Parsed Grid Row -> Column Label -> Canonical Record
153,normal_ka1_ka10,KA1_KA10,47,1081,1081,0,PDF Page -> Parsed Grid Row -> Column Label -> Canonical Record
154,normal_ka1_ka10,KA1_KA10,47,1081,1081,0,PDF Page -> Parsed Grid Row -> Column Label -> Canonical Record
155,normal_ka1_ka10,KA1_KA10,47,1081,1081,0,PDF Page -> Parsed Grid Row -> Column Label -> Canonical Record
156,normal_ka1_ka10,KA1_KA10,47,1081,1081,0,PDF Page -> Parsed Grid Row -> Column Label -> Canonical Record
157,normal_ka1_ka10,KA1_KA10,47,1081,1081,0,PDF Page -> Parsed Grid Row -> Column Label -> Canonical Record
158,normal_ka1_ka10,KA1_KA10,47,1081,1081,0,PDF Page -> Parsed Grid Row -> Column Label -> Canonical Record
159,normal_ka1_ka10,KA1_KA10,47,1081,1081,0,PDF Page -> Parsed Grid Row -> Column Label -> Canonical Record
160,normal_ka1_ka10,KA1_KA10,47,1081,1081,0,PDF Page -> Parsed Grid Row -> Column Label -> Canonical Record
161,normal_ka1_ka10,KA1_KA10,47,1081,1081,0,PDF Page -> Parsed Grid Row -> Column Label -> Canonical Record
162,normal_ka1_ka10,KA1_KA10,47,1081,1081,0,PDF Page -> Parsed Grid Row -> Column Label -> Canonical Record
163,normal_ka1_ka10,KA1_KA10,47,1081,1081,0,PDF Page -> Parsed Grid Row -> Column Label -> Canonical Record
164,normal_ka1_ka10,KA1_KA10,47,1081,1081,0,PDF Page -> Parsed Grid Row -> Column Label -> Canonical Record
165,normal_ka1_ka10,KA1_KA10,47,1081,1081,0,PDF Page -> Parsed Grid Row -> Column Label -> Canonical Record
166,normal_ka1_ka10,KA1_KA10,47,1081,1081,0,PDF Page -> Parsed Grid Row -> Column Label -> Canonical Record
167,normal_ka1_ka10,KA1_KA10,47,1081,1081,0,PDF Page -> Parsed Grid Row -> Column Label -> Canonical Record
168,normal_ka1_ka10,KA1_KA10,47,1081,1081,0,PDF Page -> Parsed Grid Row -> Column Label -> Canonical Record
169,normal_ka1_ka10,KA1_KA10,47,1081,1081,0,PDF Page -> Parsed Grid Row -> Column Label -> Canonical Record
170,normal_ka1_ka10,KA1_KA10,47,1081,1081,0,PDF Page -> Parsed Grid Row -> Column Label -> Canonical Record
171,normal_ka1_ka10,KA1_KA10,47,1081,1081,0,PDF Page -> Parsed Grid Row -> Column Label -> Canonical Record
172,normal_ka1_ka10,KA1_KA10,47,1081,1081,0,PDF Page -> Parsed Grid Row -> Column Label -> Canonical Record
173,normal_ka1_ka10,KA1_KA10,47,1081,1081,0,PDF Page -> Parsed Grid Row -> Column Label -> Canonical Record
174,normal_ka1_ka10,KA1_KA10,47,1081,1081,0,PDF Page -> Parsed Grid Row -> Column Label -> Canonical Record
175,normal_ka1_ka10,KA1_KA10,47,1081,1081,0,PDF Page -> Parsed Grid Row -> Column Label -> Canonical Record
176,normal_ka1_ka10,KA1_KA10,47,1081,1081,0,PDF Page -> Parsed Grid Row -> Column Label -> Canonical Record
177,normal_ka1_ka10,KA1_KA10,47,1081,1081,0,PDF Page -> Parsed Grid Row -> Column Label -> Canonical Record
178,normal_ka1_ka10,KA1_KA10,47,1081,1081,0,PDF Page -> Parsed Grid Row -> Column Label -> Canonical Record
179,normal_ka1_ka10,KA1_KA10,47,1081,1081,0,PDF Page -> Parsed Grid Row -> Column Label -> Canonical Record
180,normal_ka1_ka10,KA1_KA10,47,1081,1081,0,PDF Page -> Parsed Grid Row -> Column Label -> Canonical Record
181,normal_ka1_ka10,KA1_KA10,47,1081,1081,0,PDF Page -> Parsed Grid Row -> Column Label -> Canonical Record
182,normal_ka1_ka10,KA1_KA10,47,1081,1081,0,PDF Page -> Parsed Grid Row -> Column Label -> Canonical Record
183,normal_ka1_ka10,KA1_KA10,47,1081,1081,0,PDF Page -> Parsed Grid Row -> Column Label -> Canonical Record
184,normal_ka1_ka10,KA1_KA10,47,1081,1081,0,PDF Page -> Parsed Grid Row -> Column Label -> Canonical Record
185,normal_ka1_ka10,KA1_KA10,47,1081,1081,0,PDF Page -> Parsed Grid Row -> Column Label -> Canonical Record
186,normal_ka1_ka10,KA1_KA10,47,1081,1081,0,PDF Page -> Parsed Grid Row -> Column Label -> Canonical Record
187,normal_ka1_ka10,KA1_KA10,47,1081,1081,0,PDF Page -> Parsed Grid Row -> Column Label -> Canonical Record
188,normal_ka1_ka10,KA1_KA10,47,1081,1081,0,PDF Page -> Parsed Grid Row -> Column Label -> Canonical Record
189,normal_ka1_ka10,KA1_KA10,47,1081,1081,0,PDF Page -> Parsed Grid Row -> Column Label -> Canonical Record
190,normal_ka1_ka10,KA1_KA10,47,1081,1081,0,PDF Page -> Parsed Grid Row -> Column Label -> Canonical Record
191,normal_ka1_ka10,KA1_KA10,47,1081,1081,0,PDF Page -> Parsed Grid Row -> Column Label -> Canonical Record
192,normal_ka1_ka10,KA1_KA10,47,1081,1081,0,PDF Page -> Parsed Grid Row -> Column Label -> Canonical Record
193,normal_ka1_ka10,KA1_KA10,47,1081,1081,0,PDF Page -> Parsed Grid Row -> Column Label -> Canonical Record
194,normal_ka1_ka10,KA1_KA10,47,1081,1081,0,PDF Page -> Parsed Grid Row -> Column Label -> Canonical Record
195,normal_ka1_ka10,KA1_KA10,47,1081,1081,0,PDF Page -> Parsed Grid Row -> Column Label -> Canonical Record
196,normal_ka1_ka10,KA1_KA10,47,1081,1081,0,PDF Page -> Parsed Grid Row -> Column Label -> Canonical Record
197,normal_ka1_ka10,KA1_KA10,47,1081,1081,0,PDF Page -> Parsed Grid Row -> Column Label -> Canonical Record
198,normal_ka1_ka10,KA1_KA10,47,1081,1081,0,PDF Page -> Parsed Grid Row -> Column Label -> Canonical Record
199,normal_ka1_ka10,KA1_KA10,47,1081,1081,0,PDF Page -> Parsed Grid Row -> Column Label -> Canonical Record
200,normal_ka1_ka10,KA1_KA10,47,1081,1081,0,PDF Page -> Parsed Grid Row -> Column Label -> Canonical Record
201,normal_ka1_ka10,KA1_KA10,47,1081,1081,0,PDF Page -> Parsed Grid Row -> Column Label -> Canonical Record
202,normal_ka1_ka10,KA1_KA10,47,1081,1081,0,PDF Page -> Parsed Grid Row -> Column Label -> Canonical Record
203,normal_ka1_ka10,KA1_KA10,47,1081,1081,0,PDF Page -> Parsed Grid Row -> Column Label -> Canonical Record
204,normal_ka1_ka10,KA1_KA10,47,1081,1081,0,PDF Page -> Parsed Grid Row -> Column Label -> Canonical Record
205,normal_ka1_ka10,KA1_KA10,47,1081,1081,0,PDF Page -> Parsed Grid Row -> Column Label -> Canonical Record
206,normal_ka1_ka10,KA1_KA10,47,1081,1081,0,PDF Page -> Parsed Grid Row -> Column Label -> Canonical Record
207,normal_ka1_ka10,KA1_KA10,47,1081,1081,0,PDF Page -> Parsed Grid Row -> Column Label -> Canonical Record
208,normal_ka1_ka10,KA1_KA10,47,1081,1081,0,PDF Page -> Parsed Grid Row -> Column Label -> Canonical Record
209,normal_ka1_ka10,KA1_KA10,47,1081,1081,0,PDF Page -> Parsed Grid Row -> Column Label -> Canonical Record
210,normal_ka1_ka10,KA1_KA10,47,1081,1081,0,PDF Page -> Parsed Grid Row -> Column Label -> Canonical Record
211,normal_ka1_ka10,KA1_KA10,47,1081,1081,0,PDF Page -> Parsed Grid Row -> Column Label -> Canonical Record
212,normal_ka1_ka10,KA1_KA10,47,1081,1081,0,PDF Page -> Parsed Grid Row -> Column Label -> Canonical Record
213,normal_ka1_ka10,KA1_KA10,47,1081,1081,0,PDF Page -> Parsed Grid Row -> Column Label -> Canonical Record
214,normal_ka1_ka10,KA1_KA10,47,1081,1081,0,PDF Page -> Parsed Grid Row -> Column Label -> Canonical Record
215,normal_ka1_ka10,KA1_KA10,47,1081,1081,0,PDF Page -> Parsed Grid Row -> Column Label -> Canonical Record
216,normal_ka1_ka10,KA1_KA10,47,1081,1081,0,PDF Page -> Parsed Grid Row -> Column Label -> Canonical Record
217,normal_ka1_ka10,KA1_KA10,47,1081,1081,0,PDF Page -> Parsed Grid Row -> Column Label -> Canonical Record
218,normal_ka1_ka10,KA1_KA10,47,1081,1081,0,PDF Page -> Parsed Grid Row -> Column Label -> Canonical Record
219,normal_ka1_ka10,KA1_KA10,47,1081,1081,0,PDF Page -> Parsed Grid Row -> Column Label -> Canonical Record
220,normal_ka1_ka10,KA1_KA10,47,1081,1081,0,PDF Page -> Parsed Grid Row -> Column Label -> Canonical Record
221,normal_ka1_ka10,KA1_KA10,47,1081,1081,0,PDF Page -> Parsed Grid Row -> Column Label -> Canonical Record
222,normal_ka1_ka10,KA1_KA10,47,1081,1081,0,PDF Page -> Parsed Grid Row -> Column Label -> Canonical Record
223,normal_ka1_ka10,KA1_KA10,47,1081,1081,0,PDF Page -> Parsed Grid Row -> Column Label -> Canonical Record
224,normal_ka1_ka10,KA1_KA10,47,1081,1081,0,PDF Page -> Parsed Grid Row -> Column Label -> Canonical Record
225,normal_ka1_ka10,KA1_KA10,47,1081,1081,0,PDF Page -> Parsed Grid Row -> Column Label -> Canonical Record
226,normal_ka1_ka10,KA1_KA10,47,1081,1081,0,PDF Page -> Parsed Grid Row -> Column Label -> Canonical Record
227,normal_ka1_ka10,KA1_KA10,47,1081,1081,0,PDF Page -> Parsed Grid Row -> Column Label -> Canonical Record
228,normal_ka1_ka10,KA1_KA10,47,1081,1081,0,PDF Page -> Parsed Grid Row -> Column Label -> Canonical Record
229,normal_ka1_ka10,KA1_KA10,47,1081,1081,0,PDF Page -> Parsed Grid Row -> Column Label -> Canonical Record
230,normal_ka1_ka10,KA1_KA10,47,1081,1081,0,PDF Page -> Parsed Grid Row -> Column Label -> Canonical Record
231,normal_ka1_ka10,KA1_KA10,47,1081,1081,0,PDF Page -> Parsed Grid Row -> Column Label -> Canonical Record
232,normal_ka1_ka10,KA1_KA10,47,1081,1081,0,PDF Page -> Parsed Grid Row -> Column Label -> Canonical Record
233,normal_ka1_ka10,KA1_KA10,47,1081,1081,0,PDF Page -> Parsed Grid Row -> Column Label -> Canonical Record
234,normal_ka1_ka10,KA1_KA10,47,1081,1081,0,PDF Page -> Parsed Grid Row -> Column Label -> Canonical Record
235,normal_ka1_ka10,KA1_KA10,47,1081,1081,0,PDF Page -> Parsed Grid Row -> Column Label -> Canonical Record
236,normal_ka1_ka10,KA1_KA10,47,1081,1081,0,PDF Page -> Parsed Grid Row -> Column Label -> Canonical Record
237,normal_ka1_ka10,KA1_KA10,47,1081,1081,0,PDF Page -> Parsed Grid Row -> Column Label -> Canonical Record
238,normal_ka1_ka10,KA1_KA10,47,1081,1081,0,PDF Page -> Parsed Grid Row -> Column Label -> Canonical Record
239,normal_ka1_ka10,KA1_KA10,47,1081,1081,0,PDF Page -> Parsed Grid Row -> Column Label -> Canonical Record
240,normal_ka1_ka10,KA1_KA10,47,1081,1081,0,PDF Page -> Parsed Grid Row -> Column Label -> Canonical Record
241,normal_ka1_ka10,KA1_KA10,47,1081,1081,0,PDF Page -> Parsed Grid Row -> Column Label -> Canonical Record
242,normal_ka1_ka10,KA1_KA10,47,1081,1081,0,PDF Page -> Parsed Grid Row -> Column Label -> Canonical Record
243,normal_ka1_ka10,KA1_KA10,47,1081,1081,0,PDF Page -> Parsed Grid Row -> Column Label -> Canonical Record
244,normal_ka1_ka10,KA1_KA10,47,1081,1081,0,PDF Page -> Parsed Grid Row -> Column Label -> Canonical Record
245,normal_ka1_ka10,KA1_KA10,47,1081,1081,0,PDF Page -> Parsed Grid Row -> Column Label -> Canonical Record
246,normal_ka1_ka10,KA1_KA10,47,1081,1081,0,PDF Page -> Parsed Grid Row -> Column Label -> Canonical Record
247,normal_ka1_ka10,KA1_KA10,47,1081,1081,0,PDF Page -> Parsed Grid Row -> Column Label -> Canonical Record
248,normal_ka1_ka10,KA1_KA10,47,1081,1081,0,PDF Page -> Parsed Grid Row -> Column Label -> Canonical Record
249,normal_ka1_ka10,KA1_KA10,47,1081,1081,0,PDF Page -> Parsed Grid Row -> Column Label -> Canonical Record
250,normal_ka1_ka10,KA1_KA10,47,1081,1081,0,PDF Page -> Parsed Grid Row -> Column Label -> Canonical Record
251,normal_ka1_ka10,KA1_KA10,47,1081,1081,0,PDF Page -> Parsed Grid Row -> Column Label -> Canonical Record
252,normal_ka1_ka10,KA1_KA10,47,1081,1081,0,PDF Page -> Parsed Grid Row -> Column Label -> Canonical Record
253,normal_ka1_ka10,KA1_KA10,47,1081,1081,0,PDF Page -> Parsed Grid Row -> Column Label -> Canonical Record
254,normal_ka1_ka10,KA1_KA10,47,1081,1081,0,PDF Page -> Parsed Grid Row -> Column Label -> Canonical Record
255,normal_ka1_ka10,KA1_KA10,47,1081,1081,0,PDF Page -> Parsed Grid Row -> Column Label -> Canonical Record
256,normal_ka1_ka10,KA1_KA10,47,1081,1081,0,PDF Page -> Parsed Grid Row -> Column Label -> Canonical Record
257,normal_ka1_ka10,KA1_KA10,47,1081,1081,0,PDF Page -> Parsed Grid Row -> Column Label -> Canonical Record
258,normal_ka1_ka10,KA1_KA10,47,1081,1081,0,PDF Page -> Parsed Grid Row -> Column Label -> Canonical Record
259,normal_ka1_ka10,KA1_KA10,47,1081,1081,0,PDF Page -> Parsed Grid Row -> Column Label -> Canonical Record
260,normal_ka1_ka10,KA1_KA10,47,1081,1081,0,PDF Page -> Parsed Grid Row -> Column Label -> Canonical Record
261,normal_ka1_ka10,KA1_KA10,47,1081,1081,0,PDF Page -> Parsed Grid Row -> Column Label -> Canonical Record
262,normal_ka1_ka10,KA1_KA10,47,1081,1081,0,PDF Page -> Parsed Grid Row -> Column Label -> Canonical Record
263,normal_ka1_ka10,KA1_KA10,47,1081,1081,0,PDF Page -> Parsed Grid Row -> Column Label -> Canonical Record
264,normal_ka1_ka10,KA1_KA10,47,1081,1081,0,PDF Page -> Parsed Grid Row -> Column Label -> Canonical Record
265,normal_ka1_ka10,KA1_KA10,47,1081,1081,0,PDF Page -> Parsed Grid Row -> Column Label -> Canonical Record
266,normal_ka1_ka10,KA1_KA10,47,1081,1081,0,PDF Page -> Parsed Grid Row -> Column Label -> Canonical Record
267,normal_ka1_ka10,KA1_KA10,47,1081,1081,0,PDF Page -> Parsed Grid Row -> Column Label -> Canonical Record
268,normal_ka1_ka10,KA1_KA10,47,1081,1081,0,PDF Page -> Parsed Grid Row -> Column Label -> Canonical Record
269,normal_ka1_ka10,KA1_KA10,47,1081,1081,0,PDF Page -> Parsed Grid Row -> Column Label -> Canonical Record
270,normal_ka1_ka10,KA1_KA10,47,1081,1081,0,PDF Page -> Parsed Grid Row -> Column Label -> Canonical Record
271,normal_ka1_ka10,KA1_KA10,47,1081,1081,0,PDF Page -> Parsed Grid Row -> Column Label -> Canonical Record
272,normal_ka1_ka10,KA1_KA10,47,1081,1081,0,PDF Page -> Parsed Grid Row -> Column Label -> Canonical Record
273,normal_ka1_ka10,KA1_KA10,47,1081,1081,0,PDF Page -> Parsed Grid Row -> Column Label -> Canonical Record
274,normal_ka1_ka10,KA1_KA10,47,1081,1081,0,PDF Page -> Parsed Grid Row -> Column Label -> Canonical Record
275,normal_ka1_ka10,KA1_KA10,47,1081,1081,0,PDF Page -> Parsed Grid Row -> Column Label -> Canonical Record
276,normal_ka1_ka10,KA1_KA10,47,1081,1081,0,PDF Page -> Parsed Grid Row -> Column Label -> Canonical Record
277,normal_ka1_ka10,KA1_KA10,47,1081,1081,0,PDF Page -> Parsed Grid Row -> Column Label -> Canonical Record
278,normal_ka1_ka10,KA1_KA10,47,1081,1081,0,PDF Page -> Parsed Grid Row -> Column Label -> Canonical Record
279,normal_ka1_ka10,KA1_KA10,47,1081,1081,0,PDF Page -> Parsed Grid Row -> Column Label -> Canonical Record
280,normal_ka1_ka10,KA1_KA10,47,1081,1081,0,PDF Page -> Parsed Grid Row -> Column Label -> Canonical Record
281,normal_ka1_ka10,KA1_KA10,47,1081,1081,0,PDF Page -> Parsed Grid Row -> Column Label -> Canonical Record
282,normal_ka1_ka10,KA1_KA10,47,1081,1081,0,PDF Page -> Parsed Grid Row -> Column Label -> Canonical Record
283,normal_ka1_ka10,KA1_KA10,47,1081,1081,0,PDF Page -> Parsed Grid Row -> Column Label -> Canonical Record
284,normal_ka1_ka10,KA1_KA10,47,1081,1081,0,PDF Page -> Parsed Grid Row -> Column Label -> Canonical Record
285,normal_ka1_ka10,KA1_KA10,47,1081,1081,0,PDF Page -> Parsed Grid Row -> Column Label -> Canonical Record
286,normal_ka1_ka10,KA1_KA10,47,1081,1081,0,PDF Page -> Parsed Grid Row -> Column Label -> Canonical Record
287,normal_ka1_ka10,KA1_KA10,47,1081,1081,0,PDF Page -> Parsed Grid Row -> Column Label -> Canonical Record
288,normal_ka1_ka10,KA1_KA10,47,1081,1081,0,PDF Page -> Parsed Grid Row -> Column Label -> Canonical Record
289,normal_ka1_ka10,KA1_KA10,47,1081,1081,0,PDF Page -> Parsed Grid Row -> Column Label -> Canonical Record
290,normal_ka1_ka10,KA1_KA10,47,1081,1081,0,PDF Page -> Parsed Grid Row -> Column Label -> Canonical Record
291,normal_ka1_ka10,KA1_KA10,47,1081,1081,0,PDF Page -> Parsed Grid Row -> Column Label -> Canonical Record
292,normal_ka1_ka10,KA1_KA10,47,1081,1081,0,PDF Page -> Parsed Grid Row -> Column Label -> Canonical Record
293,normal_ka1_ka10,KA1_KA10,47,1081,1081,0,PDF Page -> Parsed Grid Row -> Column Label -> Canonical Record
294,normal_ka1_ka10,KA1_KA10,47,1081,1081,0,PDF Page -> Parsed Grid Row -> Column Label -> Canonical Record
295,normal_ka1_ka10,KA1_KA10,47,1081,1081,0,PDF Page -> Parsed Grid Row -> Column Label -> Canonical Record
296,normal_ka1_ka10,KA1_KA10,47,1081,1081,0,PDF Page -> Parsed Grid Row -> Column Label -> Canonical Record
297,normal_ka1_ka10,KA1_KA10,47,1081,1081,0,PDF Page -> Parsed Grid Row -> Column Label -> Canonical Record
298,normal_ka1_ka10,KA1_KA10,47,1081,1081,0,PDF Page -> Parsed Grid Row -> Column Label -> Canonical Record
299,normal_ka1_ka10,KA1_KA10,47,1081,1081,0,PDF Page -> Parsed Grid Row -> Column Label -> Canonical Record
300,normal_ka1_ka10,KA1_KA10,47,1081,1081,0,PDF Page -> Parsed Grid Row -> Column Label -> Canonical Record
301,normal_ka1_ka10,KA1_KA10,47,1081,1081,0,PDF Page -> Parsed Grid Row -> Column Label -> Canonical Record
302,normal_ka1_ka10,KA1_KA10,47,1081,1081,0,PDF Page -> Parsed Grid Row -> Column Label -> Canonical Record
303,normal_ka1_ka10,KA1_KA10,47,1081,1081,0,PDF Page -> Parsed Grid Row -> Column Label -> Canonical Record
304,normal_ka1_ka10,KA1_KA10,47,1081,1081,0,PDF Page -> Parsed Grid Row -> Column Label -> Canonical Record
305,normal_ka1_ka10,KA1_KA10,47,1081,1081,0,PDF Page -> Parsed Grid Row -> Column Label -> Canonical Record
306,normal_ka1_ka10,KA1_KA10,47,1081,1081,0,PDF Page -> Parsed Grid Row -> Column Label -> Canonical Record
307,normal_ka1_ka10,KA1_KA10,47,1081,1081,0,PDF Page -> Parsed Grid Row -> Column Label -> Canonical Record
308,normal_ka1_ka10,KA1_KA10,47,1081,1081,0,PDF Page -> Parsed Grid Row -> Column Label -> Canonical Record
309,normal_ka1_ka10,KA1_KA10,47,1081,1081,0,PDF Page -> Parsed Grid Row -> Column Label -> Canonical Record
310,normal_ka1_ka10,KA1_KA10,47,1081,1081,0,PDF Page -> Parsed Grid Row -> Column Label -> Canonical Record
311,normal_ka1_ka10,KA1_KA10,47,1081,1081,0,PDF Page -> Parsed Grid Row -> Column Label -> Canonical Record
312,normal_ka1_ka10,KA1_KA10,47,1081,1081,0,PDF Page -> Parsed Grid Row -> Column Label -> Canonical Record
313,normal_ka1_ka10,KA1_KA10,47,1081,1081,0,PDF Page -> Parsed Grid Row -> Column Label -> Canonical Record
314,normal_ka1_ka10,KA1_KA10,47,1081,1081,0,PDF Page -> Parsed Grid Row -> Column Label -> Canonical Record
315,normal_ka1_ka10,KA1_KA10,47,1081,1081,0,PDF Page -> Parsed Grid Row -> Column Label -> Canonical Record
316,normal_ka1_ka10,KA1_KA10,47,1081,1081,0,PDF Page -> Parsed Grid Row -> Column Label -> Canonical Record
317,normal_ka1_ka10,KA1_KA10,47,1081,1081,0,PDF Page -> Parsed Grid Row -> Column Label -> Canonical Record
318,normal_ka1_ka10,KA1_KA10,47,1081,1081,0,PDF Page -> Parsed Grid Row -> Column Label -> Canonical Record
319,normal_ka1_ka10,KA1_KA10,47,1081,1081,0,PDF Page -> Parsed Grid Row -> Column Label -> Canonical Record
320,normal_ka1_ka10,KA1_KA10,47,1081,1081,0,PDF Page -> Parsed Grid Row -> Column Label -> Canonical Record
321,normal_ka1_ka10,KA1_KA10,47,1081,1081,0,PDF Page -> Parsed Grid Row -> Column Label -> Canonical Record
322,normal_ka1_ka10,KA1_KA10,47,1081,1081,0,PDF Page -> Parsed Grid Row -> Column Label -> Canonical Record
323,normal_ka1_ka10,KA1_KA10,47,1081,1081,0,PDF Page -> Parsed Grid Row -> Column Label -> Canonical Record
324,normal_ka1_ka10,KA1_KA10,47,1081,1081,0,PDF Page -> Parsed Grid Row -> Column Label -> Canonical Record
325,normal_ka1_ka10,KA1_KA10,47,1081,1081,0,PDF Page -> Parsed Grid Row -> Column Label -> Canonical Record
326,normal_ka1_ka10,KA1_KA10,47,1081,1081,0,PDF Page -> Parsed Grid Row -> Column Label -> Canonical Record
327,normal_ka1_ka10,KA1_KA10,47,1081,1081,0,PDF Page -> Parsed Grid Row -> Column Label -> Canonical Record
328,normal_ka1_ka10,KA1_KA10,47,1081,1081,0,PDF Page -> Parsed Grid Row -> Column Label -> Canonical Record
329,normal_ka1_ka10,KA1_KA10,47,1081,1081,0,PDF Page -> Parsed Grid Row -> Column Label -> Canonical Record
330,normal_ka1_ka10,KA1_KA10,47,1081,1081,0,PDF Page -> Parsed Grid Row -> Column Label -> Canonical Record
331,normal_ka1_ka10,KA1_KA10,47,1081,1081,0,PDF Page -> Parsed Grid Row -> Column Label -> Canonical Record
332,normal_ka1_ka10,KA1_KA10,47,1081,1081,0,PDF Page -> Parsed Grid Row -> Column Label -> Canonical Record
333,normal_ka1_ka10,KA1_KA10,47,1081,1081,0,PDF Page -> Parsed Grid Row -> Column Label -> Canonical Record
334,normal_ka1_ka10,KA1_KA10,47,1081,1081,0,PDF Page -> Parsed Grid Row -> Column Label -> Canonical Record
335,normal_ka1_ka10,KA1_KA10,47,1081,1081,0,PDF Page -> Parsed Grid Row -> Column Label -> Canonical Record
336,normal_ka1_ka10,KA1_KA10,47,1081,1081,0,PDF Page -> Parsed Grid Row -> Column Label -> Canonical Record
337,normal_ka1_ka10,KA1_KA10,47,1081,1081,0,PDF Page -> Parsed Grid Row -> Column Label -> Canonical Record
338,normal_ka1_ka10,KA1_KA10,47,1081,1081,0,PDF Page -> Parsed Grid Row -> Column Label -> Canonical Record
339,normal_ka1_ka10,KA1_KA10,47,1081,1081,0,PDF Page -> Parsed Grid Row -> Column Label -> Canonical Record
340,normal_ka1_ka10,KA1_KA10,47,1081,1081,0,PDF Page -> Parsed Grid Row -> Column Label -> Canonical Record
341,normal_ka1_ka10,KA1_KA10,47,1081,1081,0,PDF Page -> Parsed Grid Row -> Column Label -> Canonical Record
342,normal_ka1_ka10,KA1_KA10,47,1081,1081,0,PDF Page -> Parsed Grid Row -> Column Label -> Canonical Record
343,normal_ka1_ka10,KA1_KA10,47,1081,1081,0,PDF Page -> Parsed Grid Row -> Column Label -> Canonical Record
344,normal_ka1_ka10,KA1_KA10,47,1081,1081,0,PDF Page -> Parsed Grid Row -> Column Label -> Canonical Record
345,normal_ka1_ka10,KA1_KA10,47,1081,1081,0,PDF Page -> Parsed Grid Row -> Column Label -> Canonical Record
346,normal_ka1_ka10,KA1_KA10,47,1081,1081,0,PDF Page -> Parsed Grid Row -> Column Label -> Canonical Record
347,normal_ka1_ka10,KA1_KA10,47,1081,1081,0,PDF Page -> Parsed Grid Row -> Column Label -> Canonical Record
348,normal_ka1_ka10,KA1_KA10,47,1081,1081,0,PDF Page -> Parsed Grid Row -> Column Label -> Canonical Record
349,normal_ka1_ka10,KA1_KA10,47,1081,1081,0,PDF Page -> Parsed Grid Row -> Column Label -> Canonical Record
350,normal_ka1_ka10,KA1_KA10,47,1081,1081,0,PDF Page -> Parsed Grid Row -> Column Label -> Canonical Record
351,normal_ka1_ka10,KA1_KA10,47,1081,1081,0,PDF Page -> Parsed Grid Row -> Column Label -> Canonical Record
352,normal_ka1_ka10,KA1_KA10,47,1081,1081,0,PDF Page -> Parsed Grid Row -> Column Label -> Canonical Record
353,normal_ka1_ka10,KA1_KA10,47,1081,1081,0,PDF Page -> Parsed Grid Row -> Column Label -> Canonical Record
354,normal_ka1_ka10,KA1_KA10,47,1081,1081,0,PDF Page -> Parsed Grid Row -> Column Label -> Canonical Record
355,short_final_ka1_ka10,KA1_KA10,17,391,391,0,PDF Page -> Parsed Grid Row -> Column Label -> Canonical Record
357,intro_data_ka11_ka20,KA11_KA20,24,480,24,456,PDF Page -> Parsed Grid Row -> Column Label -> Canonical Record
358,normal_ka11_ka20,KA11_KA20,44,880,80,800,PDF Page -> Parsed Grid Row -> Column Label -> Canonical Record
359,normal_ka11_ka20,KA11_KA20,44,880,144,736,PDF Page -> Parsed Grid Row -> Column Label -> Canonical Record
360,normal_ka11_ka20,KA11_KA20,44,880,199,681,PDF Page -> Parsed Grid Row -> Column Label -> Canonical Record
361,normal_ka11_ka20,KA11_KA20,44,880,282,598,PDF Page -> Parsed Grid Row -> Column Label -> Canonical Record
362,normal_ka11_ka20,KA11_KA20,44,880,408,472,PDF Page -> Parsed Grid Row -> Column Label -> Canonical Record
363,normal_ka11_ka20,KA11_KA20,44,880,522,358,PDF Page -> Parsed Grid Row -> Column Label -> Canonical Record
364,normal_ka11_ka20,KA11_KA20,44,880,631,249,PDF Page -> Parsed Grid Row -> Column Label -> Canonical Record
365,normal_ka11_ka20,KA11_KA20,44,880,703,177,PDF Page -> Parsed Grid Row -> Column Label -> Canonical Record
366,normal_ka11_ka20,KA11_KA20,44,880,763,117,PDF Page -> Parsed Grid Row -> Column Label -> Canonical Record
367,normal_ka11_ka20,KA11_KA20,44,880,818,62,PDF Page -> Parsed Grid Row -> Column Label -> Canonical Record
368,normal_ka11_ka20,KA11_KA20,44,880,873,7,PDF Page -> Parsed Grid Row -> Column Label -> Canonical Record
369,normal_ka11_ka20,KA11_KA20,44,880,880,0,PDF Page -> Parsed Grid Row -> Column Label -> Canonical Record
370,normal_ka11_ka20,KA11_KA20,44,880,880,0,PDF Page -> Parsed Grid Row -> Column Label -> Canonical Record
371,normal_ka11_ka20,KA11_KA20,44,880,880,0,PDF Page -> Parsed Grid Row -> Column Label -> Canonical Record
372,normal_ka11_ka20,KA11_KA20,44,880,880,0,PDF Page -> Parsed Grid Row -> Column Label -> Canonical Record
373,normal_ka11_ka20,KA11_KA20,44,880,880,0,PDF Page -> Parsed Grid Row -> Column Label -> Canonical Record
374,normal_ka11_ka20,KA11_KA20,44,880,880,0,PDF Page -> Parsed Grid Row -> Column Label -> Canonical Record
375,normal_ka11_ka20,KA11_KA20,44,880,880,0,PDF Page -> Parsed Grid Row -> Column Label -> Canonical Record
376,normal_ka11_ka20,KA11_KA20,44,880,880,0,PDF Page -> Parsed Grid Row -> Column Label -> Canonical Record
377,normal_ka11_ka20,KA11_KA20,44,880,880,0,PDF Page -> Parsed Grid Row -> Column Label -> Canonical Record
378,normal_ka11_ka20,KA11_KA20,44,880,880,0,PDF Page -> Parsed Grid Row -> Column Label -> Canonical Record
379,normal_ka11_ka20,KA11_KA20,44,880,880,0,PDF Page -> Parsed Grid Row -> Column Label -> Canonical Record
380,normal_ka11_ka20,KA11_KA20,44,880,880,0,PDF Page -> Parsed Grid Row -> Column Label -> Canonical Record
381,normal_ka11_ka20,KA11_KA20,44,880,880,0,PDF Page -> Parsed Grid Row -> Column Label -> Canonical Record
382,normal_ka11_ka20,KA11_KA20,44,880,880,0,PDF Page -> Parsed Grid Row -> Column Label -> Canonical Record
383,normal_ka11_ka20,KA11_KA20,44,880,880,0,PDF Page -> Parsed Grid Row -> Column Label -> Canonical Record
384,normal_ka11_ka20,KA11_KA20,44,880,880,0,PDF Page -> Parsed Grid Row -> Column Label -> Canonical Record
385,normal_ka11_ka20,KA11_KA20,44,880,880,0,PDF Page -> Parsed Grid Row -> Column Label -> Canonical Record
386,normal_ka11_ka20,KA11_KA20,44,880,880,0,PDF Page -> Parsed Grid Row -> Column Label -> Canonical Record
387,normal_ka11_ka20,KA11_KA20,44,880,880,0,PDF Page -> Parsed Grid Row -> Column Label -> Canonical Record
388,normal_ka11_ka20,KA11_KA20,44,880,880,0,PDF Page -> Parsed Grid Row -> Column Label -> Canonical Record
389,normal_ka11_ka20,KA11_KA20,44,880,880,0,PDF Page -> Parsed Grid Row -> Column Label -> Canonical Record
390,normal_ka11_ka20,KA11_KA20,44,880,880,0,PDF Page -> Parsed Grid Row -> Column Label -> Canonical Record
391,normal_ka11_ka20,KA11_KA20,44,880,880,0,PDF Page -> Parsed Grid Row -> Column Label -> Canonical Record
392,normal_ka11_ka20,KA11_KA20,44,880,880,0,PDF Page -> Parsed Grid Row -> Column Label -> Canonical Record
393,normal_ka11_ka20,KA11_KA20,44,880,880,0,PDF Page -> Parsed Grid Row -> Column Label -> Canonical Record
394,normal_ka11_ka20,KA11_KA20,44,880,880,0,PDF Page -> Parsed Grid Row -> Column Label -> Canonical Record
395,normal_ka11_ka20,KA11_KA20,44,880,880,0,PDF Page -> Parsed Grid Row -> Column Label -> Canonical Record
396,normal_ka11_ka20,KA11_KA20,44,880,880,0,PDF Page -> Parsed Grid Row -> Column Label -> Canonical Record
397,normal_ka11_ka20,KA11_KA20,44,880,880,0,PDF Page -> Parsed Grid Row -> Column Label -> Canonical Record
398,normal_ka11_ka20,KA11_KA20,44,880,880,0,PDF Page -> Parsed Grid Row -> Column Label -> Canonical Record
399,normal_ka11_ka20,KA11_KA20,44,880,880,0,PDF Page -> Parsed Grid Row -> Column Label -> Canonical Record
400,normal_ka11_ka20,KA11_KA20,44,880,880,0,PDF Page -> Parsed Grid Row -> Column Label -> Canonical Record
401,normal_ka11_ka20,KA11_KA20,44,880,880,0,PDF Page -> Parsed Grid Row -> Column Label -> Canonical Record
402,normal_ka11_ka20,KA11_KA20,44,880,880,0,PDF Page -> Parsed Grid Row -> Column Label -> Canonical Record
403,normal_ka11_ka20,KA11_KA20,44,880,880,0,PDF Page -> Parsed Grid Row -> Column Label -> Canonical Record
404,normal_ka11_ka20,KA11_KA20,44,880,880,0,PDF Page -> Parsed Grid Row -> Column Label -> Canonical Record
405,normal_ka11_ka20,KA11_KA20,44,880,880,0,PDF Page -> Parsed Grid Row -> Column Label -> Canonical Record
406,normal_ka11_ka20,KA11_KA20,44,880,880,0,PDF Page -> Parsed Grid Row -> Column Label -> Canonical Record
407,normal_ka11_ka20,KA11_KA20,44,880,880,0,PDF Page -> Parsed Grid Row -> Column Label -> Canonical Record
408,normal_ka11_ka20,KA11_KA20,44,880,880,0,PDF Page -> Parsed Grid Row -> Column Label -> Canonical Record
409,normal_ka11_ka20,KA11_KA20,44,880,880,0,PDF Page -> Parsed Grid Row -> Column Label -> Canonical Record
410,normal_ka11_ka20,KA11_KA20,44,880,880,0,PDF Page -> Parsed Grid Row -> Column Label -> Canonical Record
411,normal_ka11_ka20,KA11_KA20,44,880,880,0,PDF Page -> Parsed Grid Row -> Column Label -> Canonical Record
412,normal_ka11_ka20,KA11_KA20,44,880,880,0,PDF Page -> Parsed Grid Row -> Column Label -> Canonical Record
413,normal_ka11_ka20,KA11_KA20,44,880,880,0,PDF Page -> Parsed Grid Row -> Column Label -> Canonical Record
414,normal_ka11_ka20,KA11_KA20,44,880,880,0,PDF Page -> Parsed Grid Row -> Column Label -> Canonical Record
415,normal_ka11_ka20,KA11_KA20,44,880,880,0,PDF Page -> Parsed Grid Row -> Column Label -> Canonical Record
416,normal_ka11_ka20,KA11_KA20,44,880,880,0,PDF Page -> Parsed Grid Row -> Column Label -> Canonical Record
417,normal_ka11_ka20,KA11_KA20,44,880,880,0,PDF Page -> Parsed Grid Row -> Column Label -> Canonical Record
418,normal_ka11_ka20,KA11_KA20,44,880,880,0,PDF Page -> Parsed Grid Row -> Column Label -> Canonical Record
419,normal_ka11_ka20,KA11_KA20,44,880,880,0,PDF Page -> Parsed Grid Row -> Column Label -> Canonical Record
420,normal_ka11_ka20,KA11_KA20,44,880,880,0,PDF Page -> Parsed Grid Row -> Column Label -> Canonical Record
421,normal_ka11_ka20,KA11_KA20,44,880,880,0,PDF Page -> Parsed Grid Row -> Column Label -> Canonical Record
422,normal_ka11_ka20,KA11_KA20,44,880,880,0,PDF Page -> Parsed Grid Row -> Column Label -> Canonical Record
423,normal_ka11_ka20,KA11_KA20,44,880,880,0,PDF Page -> Parsed Grid Row -> Column Label -> Canonical Record
424,normal_ka11_ka20,KA11_KA20,44,880,880,0,PDF Page -> Parsed Grid Row -> Column Label -> Canonical Record
425,normal_ka11_ka20,KA11_KA20,44,880,880,0,PDF Page -> Parsed Grid Row -> Column Label -> Canonical Record
426,normal_ka11_ka20,KA11_KA20,44,880,880,0,PDF Page -> Parsed Grid Row -> Column Label -> Canonical Record
427,normal_ka11_ka20,KA11_KA20,44,880,880,0,PDF Page -> Parsed Grid Row -> Column Label -> Canonical Record
428,normal_ka11_ka20,KA11_KA20,44,880,880,0,PDF Page -> Parsed Grid Row -> Column Label -> Canonical Record
429,normal_ka11_ka20,KA11_KA20,44,880,880,0,PDF Page -> Parsed Grid Row -> Column Label -> Canonical Record
430,normal_ka11_ka20,KA11_KA20,44,880,880,0,PDF Page -> Parsed Grid Row -> Column Label -> Canonical Record
431,normal_ka11_ka20,KA11_KA20,44,880,880,0,PDF Page -> Parsed Grid Row -> Column Label -> Canonical Record
432,normal_ka11_ka20,KA11_KA20,44,880,880,0,PDF Page -> Parsed Grid Row -> Column Label -> Canonical Record
433,normal_ka11_ka20,KA11_KA20,44,880,880,0,PDF Page -> Parsed Grid Row -> Column Label -> Canonical Record
434,normal_ka11_ka20,KA11_KA20,44,880,880,0,PDF Page -> Parsed Grid Row -> Column Label -> Canonical Record
435,normal_ka11_ka20,KA11_KA20,44,880,880,0,PDF Page -> Parsed Grid Row -> Column Label -> Canonical Record
436,normal_ka11_ka20,KA11_KA20,44,880,880,0,PDF Page -> Parsed Grid Row -> Column Label -> Canonical Record
437,normal_ka11_ka20,KA11_KA20,44,880,880,0,PDF Page -> Parsed Grid Row -> Column Label -> Canonical Record
438,normal_ka11_ka20,KA11_KA20,44,880,880,0,PDF Page -> Parsed Grid Row -> Column Label -> Canonical Record
439,normal_ka11_ka20,KA11_KA20,44,880,880,0,PDF Page -> Parsed Grid Row -> Column Label -> Canonical Record
440,normal_ka11_ka20,KA11_KA20,44,880,880,0,PDF Page -> Parsed Grid Row -> Column Label -> Canonical Record
441,normal_ka11_ka20,KA11_KA20,44,880,880,0,PDF Page -> Parsed Grid Row -> Column Label -> Canonical Record
442,normal_ka11_ka20,KA11_KA20,44,880,880,0,PDF Page -> Parsed Grid Row -> Column Label -> Canonical Record
443,normal_ka11_ka20,KA11_KA20,44,880,880,0,PDF Page -> Parsed Grid Row -> Column Label -> Canonical Record
444,normal_ka11_ka20,KA11_KA20,44,880,880,0,PDF Page -> Parsed Grid Row -> Column Label -> Canonical Record
445,normal_ka11_ka20,KA11_KA20,44,880,880,0,PDF Page -> Parsed Grid Row -> Column Label -> Canonical Record
446,normal_ka11_ka20,KA11_KA20,44,880,880,0,PDF Page -> Parsed Grid Row -> Column Label -> Canonical Record
447,normal_ka11_ka20,KA11_KA20,44,880,880,0,PDF Page -> Parsed Grid Row -> Column Label -> Canonical Record
448,normal_ka11_ka20,KA11_KA20,44,880,880,0,PDF Page -> Parsed Grid Row -> Column Label -> Canonical Record
449,normal_ka11_ka20,KA11_KA20,44,880,880,0,PDF Page -> Parsed Grid Row -> Column Label -> Canonical Record
450,normal_ka11_ka20,KA11_KA20,44,880,880,0,PDF Page -> Parsed Grid Row -> Column Label -> Canonical Record
451,normal_ka11_ka20,KA11_KA20,44,880,880,0,PDF Page -> Parsed Grid Row -> Column Label -> Canonical Record
452,normal_ka11_ka20,KA11_KA20,44,880,880,0,PDF Page -> Parsed Grid Row -> Column Label -> Canonical Record
453,normal_ka11_ka20,KA11_KA20,44,880,880,0,PDF Page -> Parsed Grid Row -> Column Label -> Canonical Record
454,normal_ka11_ka20,KA11_KA20,44,880,880,0,PDF Page -> Parsed Grid Row -> Column Label -> Canonical Record
455,normal_ka11_ka20,KA11_KA20,44,880,880,0,PDF Page -> Parsed Grid Row -> Column Label -> Canonical Record
456,normal_ka11_ka20,KA11_KA20,44,880,880,0,PDF Page -> Parsed Grid Row -> Column Label -> Canonical Record
457,normal_ka11_ka20,KA11_KA20,44,880,880,0,PDF Page -> Parsed Grid Row -> Column Label -> Canonical Record
458,normal_ka11_ka20,KA11_KA20,44,880,880,0,PDF Page -> Parsed Grid Row -> Column Label -> Canonical Record
459,normal_ka11_ka20,KA11_KA20,44,880,880,0,PDF Page -> Parsed Grid Row -> Column Label -> Canonical Record
460,normal_ka11_ka20,KA11_KA20,44,880,880,0,PDF Page -> Parsed Grid Row -> Column Label -> Canonical Record
461,normal_ka11_ka20,KA11_KA20,44,880,880,0,PDF Page -> Parsed Grid Row -> Column Label -> Canonical Record
462,normal_ka11_ka20,KA11_KA20,44,880,880,0,PDF Page -> Parsed Grid Row -> Column Label -> Canonical Record
463,normal_ka11_ka20,KA11_KA20,44,880,880,0,PDF Page -> Parsed Grid Row -> Column Label -> Canonical Record
464,normal_ka11_ka20,KA11_KA20,44,880,880,0,PDF Page -> Parsed Grid Row -> Column Label -> Canonical Record
465,normal_ka11_ka20,KA11_KA20,44,880,880,0,PDF Page -> Parsed Grid Row -> Column Label -> Canonical Record
466,normal_ka11_ka20,KA11_KA20,44,880,880,0,PDF Page -> Parsed Grid Row -> Column Label -> Canonical Record
467,normal_ka11_ka20,KA11_KA20,44,880,880,0,PDF Page -> Parsed Grid Row -> Column Label -> Canonical Record
468,normal_ka11_ka20,KA11_KA20,44,880,880,0,PDF Page -> Parsed Grid Row -> Column Label -> Canonical Record
469,normal_ka11_ka20,KA11_KA20,44,880,880,0,PDF Page -> Parsed Grid Row -> Column Label -> Canonical Record
470,normal_ka11_ka20,KA11_KA20,44,880,880,0,PDF Page -> Parsed Grid Row -> Column Label -> Canonical Record
471,normal_ka11_ka20,KA11_KA20,44,880,880,0,PDF Page -> Parsed Grid Row -> Column Label -> Canonical Record
472,normal_ka11_ka20,KA11_KA20,44,880,880,0,PDF Page -> Parsed Grid Row -> Column Label -> Canonical Record
473,normal_ka11_ka20,KA11_KA20,44,880,880,0,PDF Page -> Parsed Grid Row -> Column Label -> Canonical Record
474,normal_ka11_ka20,KA11_KA20,44,880,880,0,PDF Page -> Parsed Grid Row -> Column Label -> Canonical Record
475,normal_ka11_ka20,KA11_KA20,44,880,880,0,PDF Page -> Parsed Grid Row -> Column Label -> Canonical Record
476,normal_ka11_ka20,KA11_KA20,44,880,880,0,PDF Page -> Parsed Grid Row -> Column Label -> Canonical Record
477,normal_ka11_ka20,KA11_KA20,44,880,880,0,PDF Page -> Parsed Grid Row -> Column Label -> Canonical Record
478,normal_ka11_ka20,KA11_KA20,44,880,880,0,PDF Page -> Parsed Grid Row -> Column Label -> Canonical Record
479,normal_ka11_ka20,KA11_KA20,44,880,880,0,PDF Page -> Parsed Grid Row -> Column Label -> Canonical Record
480,normal_ka11_ka20,KA11_KA20,44,880,880,0,PDF Page -> Parsed Grid Row -> Column Label -> Canonical Record
481,normal_ka11_ka20,KA11_KA20,44,880,880,0,PDF Page -> Parsed Grid Row -> Column Label -> Canonical Record
482,normal_ka11_ka20,KA11_KA20,44,880,880,0,PDF Page -> Parsed Grid Row -> Column Label -> Canonical Record
483,normal_ka11_ka20,KA11_KA20,44,880,880,0,PDF Page -> Parsed Grid Row -> Column Label -> Canonical Record
484,normal_ka11_ka20,KA11_KA20,44,880,880,0,PDF Page -> Parsed Grid Row -> Column Label -> Canonical Record
485,normal_ka11_ka20,KA11_KA20,44,880,880,0,PDF Page -> Parsed Grid Row -> Column Label -> Canonical Record
486,normal_ka11_ka20,KA11_KA20,44,880,880,0,PDF Page -> Parsed Grid Row -> Column Label -> Canonical Record
487,normal_ka11_ka20,KA11_KA20,44,880,880,0,PDF Page -> Parsed Grid Row -> Column Label -> Canonical Record
488,normal_ka11_ka20,KA11_KA20,44,880,880,0,PDF Page -> Parsed Grid Row -> Column Label -> Canonical Record
489,normal_ka11_ka20,KA11_KA20,44,880,880,0,PDF Page -> Parsed Grid Row -> Column Label -> Canonical Record
490,normal_ka11_ka20,KA11_KA20,44,880,880,0,PDF Page -> Parsed Grid Row -> Column Label -> Canonical Record
491,normal_ka11_ka20,KA11_KA20,44,880,880,0,PDF Page -> Parsed Grid Row -> Column Label -> Canonical Record
492,normal_ka11_ka20,KA11_KA20,44,880,880,0,PDF Page -> Parsed Grid Row -> Column Label -> Canonical Record
493,normal_ka11_ka20,KA11_KA20,44,880,880,0,PDF Page -> Parsed Grid Row -> Column Label -> Canonical Record
494,normal_ka11_ka20,KA11_KA20,44,880,880,0,PDF Page -> Parsed Grid Row -> Column Label -> Canonical Record
495,normal_ka11_ka20,KA11_KA20,44,880,880,0,PDF Page -> Parsed Grid Row -> Column Label -> Canonical Record
496,normal_ka11_ka20,KA11_KA20,44,880,880,0,PDF Page -> Parsed Grid Row -> Column Label -> Canonical Record
497,normal_ka11_ka20,KA11_KA20,44,880,880,0,PDF Page -> Parsed Grid Row -> Column Label -> Canonical Record
498,normal_ka11_ka20,KA11_KA20,44,880,880,0,PDF Page -> Parsed Grid Row -> Column Label -> Canonical Record
499,normal_ka11_ka20,KA11_KA20,44,880,880,0,PDF Page -> Parsed Grid Row -> Column Label -> Canonical Record
500,normal_ka11_ka20,KA11_KA20,44,880,880,0,PDF Page -> Parsed Grid Row -> Column Label -> Canonical Record
501,normal_ka11_ka20,KA11_KA20,44,880,880,0,PDF Page -> Parsed Grid Row -> Column Label -> Canonical Record
502,normal_ka11_ka20,KA11_KA20,44,880,880,0,PDF Page -> Parsed Grid Row -> Column Label -> Canonical Record
503,normal_ka11_ka20,KA11_KA20,44,880,880,0,PDF Page -> Parsed Grid Row -> Column Label -> Canonical Record
504,normal_ka11_ka20,KA11_KA20,44,880,880,0,PDF Page -> Parsed Grid Row -> Column Label -> Canonical Record
505,normal_ka11_ka20,KA11_KA20,44,880,880,0,PDF Page -> Parsed Grid Row -> Column Label -> Canonical Record
506,normal_ka11_ka20,KA11_KA20,44,880,880,0,PDF Page -> Parsed Grid Row -> Column Label -> Canonical Record
507,normal_ka11_ka20,KA11_KA20,44,880,880,0,PDF Page -> Parsed Grid Row -> Column Label -> Canonical Record
508,normal_ka11_ka20,KA11_KA20,44,880,880,0,PDF Page -> Parsed Grid Row -> Column Label -> Canonical Record
509,normal_ka11_ka20,KA11_KA20,44,880,880,0,PDF Page -> Parsed Grid Row -> Column Label -> Canonical Record
510,normal_ka11_ka20,KA11_KA20,44,880,880,0,PDF Page -> Parsed Grid Row -> Column Label -> Canonical Record
511,normal_ka11_ka20,KA11_KA20,44,880,880,0,PDF Page -> Parsed Grid Row -> Column Label -> Canonical Record
512,normal_ka11_ka20,KA11_KA20,44,880,880,0,PDF Page -> Parsed Grid Row -> Column Label -> Canonical Record
513,normal_ka11_ka20,KA11_KA20,44,880,880,0,PDF Page -> Parsed Grid Row -> Column Label -> Canonical Record
514,normal_ka11_ka20,KA11_KA20,44,880,880,0,PDF Page -> Parsed Grid Row -> Column Label -> Canonical Record
515,normal_ka11_ka20,KA11_KA20,44,880,880,0,PDF Page -> Parsed Grid Row -> Column Label -> Canonical Record
516,normal_ka11_ka20,KA11_KA20,44,880,880,0,PDF Page -> Parsed Grid Row -> Column Label -> Canonical Record
517,normal_ka11_ka20,KA11_KA20,44,880,880,0,PDF Page -> Parsed Grid Row -> Column Label -> Canonical Record
518,normal_ka11_ka20,KA11_KA20,44,880,880,0,PDF Page -> Parsed Grid Row -> Column Label -> Canonical Record
519,normal_ka11_ka20,KA11_KA20,44,880,880,0,PDF Page -> Parsed Grid Row -> Column Label -> Canonical Record
520,normal_ka11_ka20,KA11_KA20,44,880,880,0,PDF Page -> Parsed Grid Row -> Column Label -> Canonical Record
521,normal_ka11_ka20,KA11_KA20,44,880,880,0,PDF Page -> Parsed Grid Row -> Column Label -> Canonical Record
522,normal_ka11_ka20,KA11_KA20,44,880,880,0,PDF Page -> Parsed Grid Row -> Column Label -> Canonical Record
523,normal_ka11_ka20,KA11_KA20,44,880,880,0,PDF Page -> Parsed Grid Row -> Column Label -> Canonical Record
524,normal_ka11_ka20,KA11_KA20,44,880,880,0,PDF Page -> Parsed Grid Row -> Column Label -> Canonical Record
525,normal_ka11_ka20,KA11_KA20,44,880,880,0,PDF Page -> Parsed Grid Row -> Column Label -> Canonical Record
526,normal_ka11_ka20,KA11_KA20,44,880,880,0,PDF Page -> Parsed Grid Row -> Column Label -> Canonical Record
527,normal_ka11_ka20,KA11_KA20,44,880,880,0,PDF Page -> Parsed Grid Row -> Column Label -> Canonical Record
528,normal_ka11_ka20,KA11_KA20,44,880,880,0,PDF Page -> Parsed Grid Row -> Column Label -> Canonical Record
529,normal_ka11_ka20,KA11_KA20,44,880,880,0,PDF Page -> Parsed Grid Row -> Column Label -> Canonical Record
530,normal_ka11_ka20,KA11_KA20,44,880,880,0,PDF Page -> Parsed Grid Row -> Column Label -> Canonical Record
531,normal_ka11_ka20,KA11_KA20,44,880,880,0,PDF Page -> Parsed Grid Row -> Column Label -> Canonical Record
532,normal_ka11_ka20,KA11_KA20,44,880,880,0,PDF Page -> Parsed Grid Row -> Column Label -> Canonical Record
533,normal_ka11_ka20,KA11_KA20,44,880,880,0,PDF Page -> Parsed Grid Row -> Column Label -> Canonical Record
534,normal_ka11_ka20,KA11_KA20,44,880,880,0,PDF Page -> Parsed Grid Row -> Column Label -> Canonical Record
535,normal_ka11_ka20,KA11_KA20,44,880,880,0,PDF Page -> Parsed Grid Row -> Column Label -> Canonical Record
536,normal_ka11_ka20,KA11_KA20,44,880,880,0,PDF Page -> Parsed Grid Row -> Column Label -> Canonical Record
537,normal_ka11_ka20,KA11_KA20,44,880,880,0,PDF Page -> Parsed Grid Row -> Column Label -> Canonical Record
538,normal_ka11_ka20,KA11_KA20,44,880,880,0,PDF Page -> Parsed Grid Row -> Column Label -> Canonical Record
539,normal_ka11_ka20,KA11_KA20,44,880,880,0,PDF Page -> Parsed Grid Row -> Column Label -> Canonical Record
540,normal_ka11_ka20,KA11_KA20,44,880,880,0,PDF Page -> Parsed Grid Row -> Column Label -> Canonical Record
541,normal_ka11_ka20,KA11_KA20,44,880,880,0,PDF Page -> Parsed Grid Row -> Column Label -> Canonical Record
542,normal_ka11_ka20,KA11_KA20,44,880,880,0,PDF Page -> Parsed Grid Row -> Column Label -> Canonical Record
543,normal_ka11_ka20,KA11_KA20,44,880,880,0,PDF Page -> Parsed Grid Row -> Column Label -> Canonical Record
544,normal_ka11_ka20,KA11_KA20,44,880,880,0,PDF Page -> Parsed Grid Row -> Column Label -> Canonical Record
545,normal_ka11_ka20,KA11_KA20,44,880,880,0,PDF Page -> Parsed Grid Row -> Column Label -> Canonical Record
546,normal_ka11_ka20,KA11_KA20,44,880,880,0,PDF Page -> Parsed Grid Row -> Column Label -> Canonical Record
547,normal_ka11_ka20,KA11_KA20,44,880,880,0,PDF Page -> Parsed Grid Row -> Column Label -> Canonical Record
548,normal_ka11_ka20,KA11_KA20,44,880,880,0,PDF Page -> Parsed Grid Row -> Column Label -> Canonical Record
549,normal_ka11_ka20,KA11_KA20,44,880,880,0,PDF Page -> Parsed Grid Row -> Column Label -> Canonical Record
550,normal_ka11_ka20,KA11_KA20,44,880,880,0,PDF Page -> Parsed Grid Row -> Column Label -> Canonical Record
551,normal_ka11_ka20,KA11_KA20,44,880,880,0,PDF Page -> Parsed Grid Row -> Column Label -> Canonical Record
552,normal_ka11_ka20,KA11_KA20,44,880,880,0,PDF Page -> Parsed Grid Row -> Column Label -> Canonical Record
553,normal_ka11_ka20,KA11_KA20,44,880,880,0,PDF Page -> Parsed Grid Row -> Column Label -> Canonical Record
554,normal_ka11_ka20,KA11_KA20,44,880,880,0,PDF Page -> Parsed Grid Row -> Column Label -> Canonical Record
555,normal_ka11_ka20,KA11_KA20,44,880,880,0,PDF Page -> Parsed Grid Row -> Column Label -> Canonical Record
556,normal_ka11_ka20,KA11_KA20,44,880,880,0,PDF Page -> Parsed Grid Row -> Column Label -> Canonical Record
557,normal_ka11_ka20,KA11_KA20,44,880,880,0,PDF Page -> Parsed Grid Row -> Column Label -> Canonical Record
558,normal_ka11_ka20,KA11_KA20,44,880,880,0,PDF Page -> Parsed Grid Row -> Column Label -> Canonical Record
559,normal_ka11_ka20,KA11_KA20,44,880,880,0,PDF Page -> Parsed Grid Row -> Column Label -> Canonical Record
560,normal_ka11_ka20,KA11_KA20,44,880,880,0,PDF Page -> Parsed Grid Row -> Column Label -> Canonical Record
561,normal_ka11_ka20,KA11_KA20,44,880,880,0,PDF Page -> Parsed Grid Row -> Column Label -> Canonical Record
562,normal_ka11_ka20,KA11_KA20,44,880,880,0,PDF Page -> Parsed Grid Row -> Column Label -> Canonical Record
563,normal_ka11_ka20,KA11_KA20,44,880,880,0,PDF Page -> Parsed Grid Row -> Column Label -> Canonical Record
564,normal_ka11_ka20,KA11_KA20,44,880,880,0,PDF Page -> Parsed Grid Row -> Column Label -> Canonical Record
565,normal_ka11_ka20,KA11_KA20,44,880,880,0,PDF Page -> Parsed Grid Row -> Column Label -> Canonical Record
566,normal_ka11_ka20,KA11_KA20,44,880,880,0,PDF Page -> Parsed Grid Row -> Column Label -> Canonical Record
567,normal_ka11_ka20,KA11_KA20,44,880,880,0,PDF Page -> Parsed Grid Row -> Column Label -> Canonical Record
568,normal_ka11_ka20,KA11_KA20,44,880,880,0,PDF Page -> Parsed Grid Row -> Column Label -> Canonical Record
569,normal_ka11_ka20,KA11_KA20,44,880,880,0,PDF Page -> Parsed Grid Row -> Column Label -> Canonical Record
570,normal_ka11_ka20,KA11_KA20,44,880,880,0,PDF Page -> Parsed Grid Row -> Column Label -> Canonical Record
571,normal_ka11_ka20,KA11_KA20,44,880,880,0,PDF Page -> Parsed Grid Row -> Column Label -> Canonical Record
572,normal_ka11_ka20,KA11_KA20,44,880,880,0,PDF Page -> Parsed Grid Row -> Column Label -> Canonical Record
573,normal_ka11_ka20,KA11_KA20,44,880,880,0,PDF Page -> Parsed Grid Row -> Column Label -> Canonical Record
574,normal_ka11_ka20,KA11_KA20,44,880,880,0,PDF Page -> Parsed Grid Row -> Column Label -> Canonical Record
575,normal_ka11_ka20,KA11_KA20,44,880,880,0,PDF Page -> Parsed Grid Row -> Column Label -> Canonical Record
576,normal_ka11_ka20,KA11_KA20,44,880,880,0,PDF Page -> Parsed Grid Row -> Column Label -> Canonical Record
577,normal_ka11_ka20,KA11_KA20,44,880,880,0,PDF Page -> Parsed Grid Row -> Column Label -> Canonical Record
578,normal_ka11_ka20,KA11_KA20,44,880,880,0,PDF Page -> Parsed Grid Row -> Column Label -> Canonical Record
579,normal_ka11_ka20,KA11_KA20,44,880,880,0,PDF Page -> Parsed Grid Row -> Column Label -> Canonical Record
580,normal_ka11_ka20,KA11_KA20,44,880,880,0,PDF Page -> Parsed Grid Row -> Column Label -> Canonical Record
581,normal_ka11_ka20,KA11_KA20,44,880,880,0,PDF Page -> Parsed Grid Row -> Column Label -> Canonical Record
582,normal_ka11_ka20,KA11_KA20,44,880,880,0,PDF Page -> Parsed Grid Row -> Column Label -> Canonical Record
583,normal_ka11_ka20,KA11_KA20,44,880,880,0,PDF Page -> Parsed Grid Row -> Column Label -> Canonical Record
584,normal_ka11_ka20,KA11_KA20,44,880,880,0,PDF Page -> Parsed Grid Row -> Column Label -> Canonical Record
585,normal_ka11_ka20,KA11_KA20,44,880,880,0,PDF Page -> Parsed Grid Row -> Column Label -> Canonical Record
586,normal_ka11_ka20,KA11_KA20,44,880,880,0,PDF Page -> Parsed Grid Row -> Column Label -> Canonical Record
587,normal_ka11_ka20,KA11_KA20,44,880,880,0,PDF Page -> Parsed Grid Row -> Column Label -> Canonical Record
588,normal_ka11_ka20,KA11_KA20,44,880,880,0,PDF Page -> Parsed Grid Row -> Column Label -> Canonical Record
589,normal_ka11_ka20,KA11_KA20,44,880,880,0,PDF Page -> Parsed Grid Row -> Column Label -> Canonical Record
590,normal_ka11_ka20,KA11_KA20,44,880,880,0,PDF Page -> Parsed Grid Row -> Column Label -> Canonical Record
591,normal_ka11_ka20,KA11_KA20,44,880,880,0,PDF Page -> Parsed Grid Row -> Column Label -> Canonical Record
592,normal_ka11_ka20,KA11_KA20,44,880,880,0,PDF Page -> Parsed Grid Row -> Column Label -> Canonical Record
593,normal_ka11_ka20,KA11_KA20,44,880,880,0,PDF Page -> Parsed Grid Row -> Column Label -> Canonical Record
594,normal_ka11_ka20,KA11_KA20,44,880,880,0,PDF Page -> Parsed Grid Row -> Column Label -> Canonical Record
595,normal_ka11_ka20,KA11_KA20,44,880,880,0,PDF Page -> Parsed Grid Row -> Column Label -> Canonical Record
596,normal_ka11_ka20,KA11_KA20,44,880,880,0,PDF Page -> Parsed Grid Row -> Column Label -> Canonical Record
597,normal_ka11_ka20,KA11_KA20,44,880,880,0,PDF Page -> Parsed Grid Row -> Column Label -> Canonical Record
598,normal_ka11_ka20,KA11_KA20,44,880,880,0,PDF Page -> Parsed Grid Row -> Column Label -> Canonical Record
599,normal_ka11_ka20,KA11_KA20,44,880,880,0,PDF Page -> Parsed Grid Row -> Column Label -> Canonical Record
600,normal_ka11_ka20,KA11_KA20,44,880,880,0,PDF Page -> Parsed Grid Row -> Column Label -> Canonical Record
601,normal_ka11_ka20,KA11_KA20,44,880,880,0,PDF Page -> Parsed Grid Row -> Column Label -> Canonical Record
602,normal_ka11_ka20,KA11_KA20,44,880,880,0,PDF Page -> Parsed Grid Row -> Column Label -> Canonical Record
603,normal_ka11_ka20,KA11_KA20,44,880,880,0,PDF Page -> Parsed Grid Row -> Column Label -> Canonical Record
604,normal_ka11_ka20,KA11_KA20,44,880,880,0,PDF Page -> Parsed Grid Row -> Column Label -> Canonical Record
605,normal_ka11_ka20,KA11_KA20,44,880,880,0,PDF Page -> Parsed Grid Row -> Column Label -> Canonical Record
606,normal_ka11_ka20,KA11_KA20,44,880,880,0,PDF Page -> Parsed Grid Row -> Column Label -> Canonical Record
607,normal_ka11_ka20,KA11_KA20,44,880,880,0,PDF Page -> Parsed Grid Row -> Column Label -> Canonical Record
608,normal_ka11_ka20,KA11_KA20,44,880,880,0,PDF Page -> Parsed Grid Row -> Column Label -> Canonical Record
609,normal_ka11_ka20,KA11_KA20,44,880,880,0,PDF Page -> Parsed Grid Row -> Column Label -> Canonical Record
610,normal_ka11_ka20,KA11_KA20,44,880,880,0,PDF Page -> Parsed Grid Row -> Column Label -> Canonical Record
611,normal_ka11_ka20,KA11_KA20,44,880,880,0,PDF Page -> Parsed Grid Row -> Column Label -> Canonical Record
612,normal_ka11_ka20,KA11_KA20,44,880,880,0,PDF Page -> Parsed Grid Row -> Column Label -> Canonical Record
613,normal_ka11_ka20,KA11_KA20,44,880,880,0,PDF Page -> Parsed Grid Row -> Column Label -> Canonical Record
614,normal_ka11_ka20,KA11_KA20,44,880,880,0,PDF Page -> Parsed Grid Row -> Column Label -> Canonical Record
615,normal_ka11_ka20,KA11_KA20,44,880,880,0,PDF Page -> Parsed Grid Row -> Column Label -> Canonical Record
616,normal_ka11_ka20,KA11_KA20,44,880,880,0,PDF Page -> Parsed Grid Row -> Column Label -> Canonical Record
617,normal_ka11_ka20,KA11_KA20,44,880,880,0,PDF Page -> Parsed Grid Row -> Column Label -> Canonical Record
618,normal_ka11_ka20,KA11_KA20,44,880,880,0,PDF Page -> Parsed Grid Row -> Column Label -> Canonical Record
619,normal_ka11_ka20,KA11_KA20,44,880,880,0,PDF Page -> Parsed Grid Row -> Column Label -> Canonical Record
620,normal_ka11_ka20,KA11_KA20,44,880,880,0,PDF Page -> Parsed Grid Row -> Column Label -> Canonical Record
621,normal_ka11_ka20,KA11_KA20,44,880,880,0,PDF Page -> Parsed Grid Row -> Column Label -> Canonical Record
622,normal_ka11_ka20,KA11_KA20,44,880,880,0,PDF Page -> Parsed Grid Row -> Column Label -> Canonical Record
623,normal_ka11_ka20,KA11_KA20,44,880,880,0,PDF Page -> Parsed Grid Row -> Column Label -> Canonical Record
624,normal_ka11_ka20,KA11_KA20,44,880,880,0,PDF Page -> Parsed Grid Row -> Column Label -> Canonical Record
625,normal_ka11_ka20,KA11_KA20,44,880,880,0,PDF Page -> Parsed Grid Row -> Column Label -> Canonical Record
626,normal_ka11_ka20,KA11_KA20,44,880,880,0,PDF Page -> Parsed Grid Row -> Column Label -> Canonical Record
627,normal_ka11_ka20,KA11_KA20,44,880,880,0,PDF Page -> Parsed Grid Row -> Column Label -> Canonical Record
628,normal_ka11_ka20,KA11_KA20,44,880,880,0,PDF Page -> Parsed Grid Row -> Column Label -> Canonical Record
629,normal_ka11_ka20,KA11_KA20,44,880,880,0,PDF Page -> Parsed Grid Row -> Column Label -> Canonical Record
630,normal_ka11_ka20,KA11_KA20,44,880,880,0,PDF Page -> Parsed Grid Row -> Column Label -> Canonical Record
631,normal_ka11_ka20,KA11_KA20,44,880,880,0,PDF Page -> Parsed Grid Row -> Column Label -> Canonical Record
632,normal_ka11_ka20,KA11_KA20,44,880,880,0,PDF Page -> Parsed Grid Row -> Column Label -> Canonical Record
633,normal_ka11_ka20,KA11_KA20,44,880,880,0,PDF Page -> Parsed Grid Row -> Column Label -> Canonical Record
634,normal_ka11_ka20,KA11_KA20,44,880,880,0,PDF Page -> Parsed Grid Row -> Column Label -> Canonical Record
635,normal_ka11_ka20,KA11_KA20,44,880,880,0,PDF Page -> Parsed Grid Row -> Column Label -> Canonical Record
636,normal_ka11_ka20,KA11_KA20,44,880,880,0,PDF Page -> Parsed Grid Row -> Column Label -> Canonical Record
637,normal_ka11_ka20,KA11_KA20,44,880,880,0,PDF Page -> Parsed Grid Row -> Column Label -> Canonical Record
638,normal_ka11_ka20,KA11_KA20,44,880,880,0,PDF Page -> Parsed Grid Row -> Column Label -> Canonical Record
639,normal_ka11_ka20,KA11_KA20,44,880,880,0,PDF Page -> Parsed Grid Row -> Column Label -> Canonical Record
640,normal_ka11_ka20,KA11_KA20,44,880,880,0,PDF Page -> Parsed Grid Row -> Column Label -> Canonical Record
641,normal_ka11_ka20,KA11_KA20,44,880,880,0,PDF Page -> Parsed Grid Row -> Column Label -> Canonical Record
642,normal_ka11_ka20,KA11_KA20,44,880,880,0,PDF Page -> Parsed Grid Row -> Column Label -> Canonical Record
643,normal_ka11_ka20,KA11_KA20,44,880,880,0,PDF Page -> Parsed Grid Row -> Column Label -> Canonical Record
644,normal_ka11_ka20,KA11_KA20,44,880,880,0,PDF Page -> Parsed Grid Row -> Column Label -> Canonical Record
645,normal_ka11_ka20,KA11_KA20,44,880,880,0,PDF Page -> Parsed Grid Row -> Column Label -> Canonical Record
646,normal_ka11_ka20,KA11_KA20,44,880,880,0,PDF Page -> Parsed Grid Row -> Column Label -> Canonical Record
647,normal_ka11_ka20,KA11_KA20,44,880,880,0,PDF Page -> Parsed Grid Row -> Column Label -> Canonical Record
648,normal_ka11_ka20,KA11_KA20,44,880,880,0,PDF Page -> Parsed Grid Row -> Column Label -> Canonical Record
649,normal_ka11_ka20,KA11_KA20,44,880,880,0,PDF Page -> Parsed Grid Row -> Column Label -> Canonical Record
650,normal_ka11_ka20,KA11_KA20,44,880,880,0,PDF Page -> Parsed Grid Row -> Column Label -> Canonical Record
651,normal_ka11_ka20,KA11_KA20,44,880,880,0,PDF Page -> Parsed Grid Row -> Column Label -> Canonical Record
652,normal_ka11_ka20,KA11_KA20,44,880,880,0,PDF Page -> Parsed Grid Row -> Column Label -> Canonical Record
653,normal_ka11_ka20,KA11_KA20,44,880,880,0,PDF Page -> Parsed Grid Row -> Column Label -> Canonical Record
654,normal_ka11_ka20,KA11_KA20,44,880,880,0,PDF Page -> Parsed Grid Row -> Column Label -> Canonical Record
655,normal_ka11_ka20,KA11_KA20,44,880,880,0,PDF Page -> Parsed Grid Row -> Column Label -> Canonical Record
656,normal_ka11_ka20,KA11_KA20,44,880,880,0,PDF Page -> Parsed Grid Row -> Column Label -> Canonical Record
657,normal_ka11_ka20,KA11_KA20,44,880,880,0,PDF Page -> Parsed Grid Row -> Column Label -> Canonical Record
658,normal_ka11_ka20,KA11_KA20,44,880,880,0,PDF Page -> Parsed Grid Row -> Column Label -> Canonical Record
659,normal_ka11_ka20,KA11_KA20,44,880,880,0,PDF Page -> Parsed Grid Row -> Column Label -> Canonical Record
660,normal_ka11_ka20,KA11_KA20,44,880,880,0,PDF Page -> Parsed Grid Row -> Column Label -> Canonical Record
661,normal_ka11_ka20,KA11_KA20,44,880,880,0,PDF Page -> Parsed Grid Row -> Column Label -> Canonical Record
662,normal_ka11_ka20,KA11_KA20,44,880,880,0,PDF Page -> Parsed Grid Row -> Column Label -> Canonical Record
663,normal_ka11_ka20,KA11_KA20,44,880,880,0,PDF Page -> Parsed Grid Row -> Column Label -> Canonical Record
664,normal_ka11_ka20,KA11_KA20,44,880,880,0,PDF Page -> Parsed Grid Row -> Column Label -> Canonical Record
665,normal_ka11_ka20,KA11_KA20,44,880,880,0,PDF Page -> Parsed Grid Row -> Column Label -> Canonical Record
666,normal_ka11_ka20,KA11_KA20,44,880,880,0,PDF Page -> Parsed Grid Row -> Column Label -> Canonical Record
667,normal_ka11_ka20,KA11_KA20,44,880,880,0,PDF Page -> Parsed Grid Row -> Column Label -> Canonical Record
668,normal_ka11_ka20,KA11_KA20,44,880,880,0,PDF Page -> Parsed Grid Row -> Column Label -> Canonical Record
669,normal_ka11_ka20,KA11_KA20,44,880,880,0,PDF Page -> Parsed Grid Row -> Column Label -> Canonical Record
670,normal_ka11_ka20,KA11_KA20,44,880,880,0,PDF Page -> Parsed Grid Row -> Column Label -> Canonical Record
671,normal_ka11_ka20,KA11_KA20,44,880,880,0,PDF Page -> Parsed Grid Row -> Column Label -> Canonical Record
672,normal_ka11_ka20,KA11_KA20,44,880,880,0,PDF Page -> Parsed Grid Row -> Column Label -> Canonical Record
673,normal_ka11_ka20,KA11_KA20,44,880,880,0,PDF Page -> Parsed Grid Row -> Column Label -> Canonical Record
674,normal_ka11_ka20,KA11_KA20,44,880,880,0,PDF Page -> Parsed Grid Row -> Column Label -> Canonical Record
675,normal_ka11_ka20,KA11_KA20,44,880,880,0,PDF Page -> Parsed Grid Row -> Column Label -> Canonical Record
676,normal_ka11_ka20,KA11_KA20,44,880,880,0,PDF Page -> Parsed Grid Row -> Column Label -> Canonical Record
677,normal_ka11_ka20,KA11_KA20,44,880,880,0,PDF Page -> Parsed Grid Row -> Column Label -> Canonical Record
678,normal_ka11_ka20,KA11_KA20,44,880,880,0,PDF Page -> Parsed Grid Row -> Column Label -> Canonical Record
679,normal_ka11_ka20,KA11_KA20,44,880,880,0,PDF Page -> Parsed Grid Row -> Column Label -> Canonical Record
680,normal_ka11_ka20,KA11_KA20,44,880,880,0,PDF Page -> Parsed Grid Row -> Column Label -> Canonical Record
681,normal_ka11_ka20,KA11_KA20,44,880,880,0,PDF Page -> Parsed Grid Row -> Column Label -> Canonical Record
682,normal_ka11_ka20,KA11_KA20,44,880,880,0,PDF Page -> Parsed Grid Row -> Column Label -> Canonical Record
683,normal_ka11_ka20,KA11_KA20,44,880,880,0,PDF Page -> Parsed Grid Row -> Column Label -> Canonical Record
684,normal_ka11_ka20,KA11_KA20,44,880,880,0,PDF Page -> Parsed Grid Row -> Column Label -> Canonical Record
685,normal_ka11_ka20,KA11_KA20,44,880,880,0,PDF Page -> Parsed Grid Row -> Column Label -> Canonical Record
686,normal_ka11_ka20,KA11_KA20,44,880,880,0,PDF Page -> Parsed Grid Row -> Column Label -> Canonical Record
687,normal_ka11_ka20,KA11_KA20,44,880,880,0,PDF Page -> Parsed Grid Row -> Column Label -> Canonical Record
688,normal_ka11_ka20,KA11_KA20,44,880,880,0,PDF Page -> Parsed Grid Row -> Column Label -> Canonical Record
689,normal_ka11_ka20,KA11_KA20,44,880,880,0,PDF Page -> Parsed Grid Row -> Column Label -> Canonical Record
690,normal_ka11_ka20,KA11_KA20,44,880,880,0,PDF Page -> Parsed Grid Row -> Column Label -> Canonical Record
691,normal_ka11_ka20,KA11_KA20,44,880,880,0,PDF Page -> Parsed Grid Row -> Column Label -> Canonical Record
692,normal_ka11_ka20,KA11_KA20,44,880,880,0,PDF Page -> Parsed Grid Row -> Column Label -> Canonical Record
693,normal_ka11_ka20,KA11_KA20,44,880,880,0,PDF Page -> Parsed Grid Row -> Column Label -> Canonical Record
694,normal_ka11_ka20,KA11_KA20,44,880,880,0,PDF Page -> Parsed Grid Row -> Column Label -> Canonical Record
695,normal_ka11_ka20,KA11_KA20,44,880,880,0,PDF Page -> Parsed Grid Row -> Column Label -> Canonical Record
696,normal_ka11_ka20,KA11_KA20,44,880,880,0,PDF Page -> Parsed Grid Row -> Column Label -> Canonical Record
697,normal_ka11_ka20,KA11_KA20,44,880,880,0,PDF Page -> Parsed Grid Row -> Column Label -> Canonical Record
698,normal_ka11_ka20,KA11_KA20,44,880,880,0,PDF Page -> Parsed Grid Row -> Column Label -> Canonical Record
699,normal_ka11_ka20,KA11_KA20,44,880,880,0,PDF Page -> Parsed Grid Row -> Column Label -> Canonical Record
700,normal_ka11_ka20,KA11_KA20,44,880,880,0,PDF Page -> Parsed Grid Row -> Column Label -> Canonical Record
701,normal_ka11_ka20,KA11_KA20,44,880,880,0,PDF Page -> Parsed Grid Row -> Column Label -> Canonical Record
702,normal_ka11_ka20,KA11_KA20,44,880,880,0,PDF Page -> Parsed Grid Row -> Column Label -> Canonical Record
703,normal_ka11_ka20,KA11_KA20,44,880,880,0,PDF Page -> Parsed Grid Row -> Column Label -> Canonical Record
704,normal_ka11_ka20,KA11_KA20,44,880,880,0,PDF Page -> Parsed Grid Row -> Column Label -> Canonical Record
705,normal_ka11_ka20,KA11_KA20,44,880,880,0,PDF Page -> Parsed Grid Row -> Column Label -> Canonical Record
706,normal_ka11_ka20,KA11_KA20,44,880,880,0,PDF Page -> Parsed Grid Row -> Column Label -> Canonical Record
707,normal_ka11_ka20,KA11_KA20,44,880,880,0,PDF Page -> Parsed Grid Row -> Column Label -> Canonical Record
708,normal_ka11_ka20,KA11_KA20,44,880,880,0,PDF Page -> Parsed Grid Row -> Column Label -> Canonical Record
709,normal_ka11_ka20,KA11_KA20,44,880,880,0,PDF Page -> Parsed Grid Row -> Column Label -> Canonical Record
710,normal_ka11_ka20,KA11_KA20,44,880,880,0,PDF Page -> Parsed Grid Row -> Column Label -> Canonical Record
711,normal_ka11_ka20,KA11_KA20,44,880,880,0,PDF Page -> Parsed Grid Row -> Column Label -> Canonical Record
712,normal_ka11_ka20,KA11_KA20,44,880,880,0,PDF Page -> Parsed Grid Row -> Column Label -> Canonical Record
713,normal_ka11_ka20,KA11_KA20,44,880,880,0,PDF Page -> Parsed Grid Row -> Column Label -> Canonical Record
714,normal_ka11_ka20,KA11_KA20,44,880,880,0,PDF Page -> Parsed Grid Row -> Column Label -> Canonical Record
715,normal_ka11_ka20,KA11_KA20,44,880,880,0,PDF Page -> Parsed Grid Row -> Column Label -> Canonical Record
716,normal_ka11_ka20,KA11_KA20,44,880,880,0,PDF Page -> Parsed Grid Row -> Column Label -> Canonical Record
717,normal_ka11_ka20,KA11_KA20,44,880,880,0,PDF Page -> Parsed Grid Row -> Column Label -> Canonical Record
718,normal_ka11_ka20,KA11_KA20,44,880,880,0,PDF Page -> Parsed Grid Row -> Column Label -> Canonical Record
719,normal_ka11_ka20,KA11_KA20,44,880,880,0,PDF Page -> Parsed Grid Row -> Column Label -> Canonical Record
720,normal_ka11_ka20,KA11_KA20,44,880,880,0,PDF Page -> Parsed Grid Row -> Column Label -> Canonical Record
721,normal_ka11_ka20,KA11_KA20,44,880,880,0,PDF Page -> Parsed Grid Row -> Column Label -> Canonical Record
722,normal_ka11_ka20,KA11_KA20,44,880,880,0,PDF Page -> Parsed Grid Row -> Column Label -> Canonical Record
723,normal_ka11_ka20,KA11_KA20,44,880,880,0,PDF Page -> Parsed Grid Row -> Column Label -> Canonical Record
724,normal_ka11_ka20,KA11_KA20,44,880,880,0,PDF Page -> Parsed Grid Row -> Column Label -> Canonical Record
725,normal_ka11_ka20,KA11_KA20,44,880,880,0,PDF Page -> Parsed Grid Row -> Column Label -> Canonical Record
726,normal_ka11_ka20,KA11_KA20,44,880,880,0,PDF Page -> Parsed Grid Row -> Column Label -> Canonical Record
727,normal_ka11_ka20,KA11_KA20,44,880,880,0,PDF Page -> Parsed Grid Row -> Column Label -> Canonical Record
728,normal_ka11_ka20,KA11_KA20,44,880,880,0,PDF Page -> Parsed Grid Row -> Column Label -> Canonical Record
729,normal_ka11_ka20,KA11_KA20,44,880,880,0,PDF Page -> Parsed Grid Row -> Column Label -> Canonical Record
730,normal_ka11_ka20,KA11_KA20,44,880,880,0,PDF Page -> Parsed Grid Row -> Column Label -> Canonical Record
731,normal_ka11_ka20,KA11_KA20,44,880,880,0,PDF Page -> Parsed Grid Row -> Column Label -> Canonical Record
732,normal_ka11_ka20,KA11_KA20,44,880,880,0,PDF Page -> Parsed Grid Row -> Column Label -> Canonical Record
733,short_final_ka11_ka20,KA11_KA20,32,640,640,0,PDF Page -> Parsed Grid Row -> Column Label -> Canonical Record
